{
  "animated": {
    "DYE_ROSE": [
      "#F06766",
      "#f06766",
      "#f06766",
      "#ee6364",
      "#ee6364",
      "#eb5e61",
      "#e8595e",
      "#e45359",
      "#e04d55",
      "#db4650",
      "#d3404c",
      "#cb3947",
      "#c43043",
      "#bd2b40",
      "#b8293e",
      "#b3263d",
      "#ae243b",
      "#ae243b",
      "#a32038",
      "#9c1e36",
      "#961c34",
      "#901a32",
      "#881731",
      "#81162e",
      "#881830",
      "#81162e",
      "#7b142d",
      "#74122b",
      "#6d1029",
      "#650e27",
      "#5e0d24",
      "#560b22",
      "#500a20",
      "#49081f",
      "#44061d",
      "#3e061b",
      "#39041a",
      "#39041a",
      "#39041a",
      "#39041a",
      "#39041a",
      "#39041a",
      "#39041a",
      "#39041a",
      "#39041a",
      "#39041a",
      "#3e061b",
      "#44061d",
      "#49081f",
      "#500a20",
      "#560b22",
      "#5e0d24",
      "#650e27",
      "#6d1029",
      "#74122b",
      "#7b142d",
      "#81162e",
      "#881830",
      "#81162e",
      "#881731",
      "#901a32",
      "#961c34",
      "#9c1e36",
      "#a32038",
      "#ae243b",
      "#ae243b",
      "#b3263d",
      "#b8293e",
      "#bd2b40",
      "#c43043",
      "#cb3947",
      "#d3404c",
      "#db4650",
      "#e04d55",
      "#e45359",
      "#e8595e",
      "#eb5e61",
      "#ee6364",
      "#ee6364",
      "#f06766",
      "#f06766",
      "#F06766"
    ],
    "DYE_LUCKY": [
      "#87ff37",
      "#81F83C",
      "#7DF43F",
      "#79EF42",
      "#73E944",
      "#6FE547",
      "#69DF49",
      "#64D84B",
      "#5DD24D",
      "#57CC4E",
      "#52C551",
      "#4ABE52",
      "#44B752",
      "#3DB153",
      "#36AB53",
      "#30A553",
      "#299F54",
      "#239954",
      "#1D9553",
      "#179153",
      "#0F8C52",
      "#098852",
      "#008350",
      "#007D4F",
      "#00774D",
      "#00734B",
      "#006F49",
      "#006C47",
      "#006944",
      "#006944",
      "#006C47",
      "#006F49",
      "#00734B",
      "#00774D",
      "#007D4F",
      "#008350",
      "#098852",
      "#0F8C52",
      "#179153",
      "#1D9553",
      "#239954",
      "#299F54",
      "#30A553",
      "#36AB53",
      "#3DB153",
      "#44B752",
      "#4ABE52",
      "#52C551",
      "#57CC4E",
      "#5DD24D",
      "#64D84B",
      "#69DF49",
      "#6FE547",
      "#73E944",
      "#79EF42",
      "#7DF43F",
      "#81F83C",
      "#87ff37"
    ],
    "DYE_WARDEN": [
      "#034150",
      "#034150",
      "#034150",
      "#034150",
      "#034150",
      "#024554",
      "#004a59",
      "#004f5e",
      "#005463",
      "#005a68",
      "#005f6d",
      "#006472",
      "#006a76",
      "#006a76",
      "#00757f",
      "#007a84",
      "#008088",
      "#00868c",
      "#008b90",
      "#009194",
      "#009194",
      "#009295",
      "#009295",
      "#009295",
      "#009295",
      "#009295",
      "#009295",
      "#009194",
      "#009194",
      "#008b90",
      "#00868c",
      "#008088",
      "#007a84",
      "#00757f",
      "#006a76",
      "#006a76",
      "#006472",
      "#005f6d",
      "#005a68",
      "#005463",
      "#004f5e",
      "#004a59",
      "#024554",
      "#034150",
      "#034150",
      "#034150",
      "#034150",
      "#034150"
    ],
    "DYE_PORTAL": [
      "#5909c1",
      "#5909c1",
      "#5909c1",
      "#560aba",
      "#560aba",
      "#520cb1",
      "#4d0da7",
      "#490f9c",
      "#440f92",
      "#3f0f8a",
      "#3c1081",
      "#38107b",
      "#361076",
      "#361076",
      "#361076",
      "#361076",
      "#361076",
      "#361076",
      "#361076",
      "#371078",
      "#390f7c",
      "#3a1080",
      "#3c0f85",
      "#3e0e8c",
      "#400d92",
      "#430b9a",
      "#450aa1",
      "#4909a8",
      "#4c08af",
      "#5107b5",
      "#5608bc",
      "#5c0ac1",
      "#620dc5",
      "#680fc9",
      "#6f12ce",
      "#7814d1",
      "#8117d5",
      "#8a18d9",
      "#9419dc",
      "#9e1adf",
      "#a71ae3",
      "#b01ae5",
      "#b919e7",
      "#c117ea",
      "#c816ec",
      "#cf14ef",
      "#cf14ef",
      "#d412f0",
      "#d412f0",
      "#d412f0",
      "#d412f0",
      "#d412f0",
      "#d412f0",
      "#cf14ef",
      "#cf14ef",
      "#c816ec",
      "#c117ea",
      "#b919e7",
      "#b01ae5",
      "#a71ae3",
      "#9e1adf",
      "#9419dc",
      "#8a18d9",
      "#8117d5",
      "#7814d1",
      "#6f12ce",
      "#680fc9",
      "#620dc5",
      "#5c0ac1",
      "#5608bc",
      "#5107b5",
      "#4c08af",
      "#4909a8",
      "#450aa1",
      "#430b9a",
      "#400d92",
      "#3e0e8c",
      "#3c0f85",
      "#3a1080",
      "#390f7c",
      "#371078",
      "#361076",
      "#361076",
      "#361076",
      "#361076",
      "#361076",
      "#361076",
      "#361076",
      "#38107b",
      "#3c1081",
      "#3f0f8a",
      "#440f92",
      "#490f9c",
      "#4d0da7",
      "#520cb1",
      "#560aba",
      "#560aba",
      "#5909c1",
      "#5909c1",
      "#5909c1"
    ],
    "DYE_PASTEL_SKY": [
      "#fb87ff",
      "#f78ffe",
      "#f299fc",
      "#eaa4f8",
      "#e1b0f5",
      "#d7bdf2",
      "#cac9ee",
      "#bed3eb",
      "#b0dde8",
      "#a1e6e5",
      "#94ede3",
      "#89f2e2",
      "#89f3e2",
      "#89f2e3",
      "#87f3e7",
      "#84f2ec",
      "#80f2f0",
      "#7ff1f6",
      "#86f0fd",
      "#87ecff",
      "#87e8ff",
      "#87e2ff",
      "#87ddff",
      "#85d6ff",
      "#84ceff",
      "#84c7ff",
      "#83bfff",
      "#82b7ff",
      "#82afff",
      "#83a8ff",
      "#83a0ff",
      "#8599ff",
      "#8693ff",
      "#888eff",
      "#8b89ff",
      "#9086fe",
      "#9783ff",
      "#9f81fe",
      "#a980ff",
      "#b681ff",
      "#c182ff",
      "#cd83ff",
      "#d884ff",
      "#e486ff",
      "#ed87ff",
      "#ed87ff",
      "#e486ff",
      "#d884ff",
      "#cd83ff",
      "#c182ff",
      "#b681ff",
      "#a980ff",
      "#9f81fe",
      "#9783ff",
      "#9086fe",
      "#8b89ff",
      "#888eff",
      "#8693ff",
      "#8599ff",
      "#83a0ff",
      "#83a8ff",
      "#82afff",
      "#82b7ff",
      "#83bfff",
      "#84c7ff",
      "#84ceff",
      "#85d6ff",
      "#87ddff",
      "#87e2ff",
      "#87e8ff",
      "#87ecff",
      "#86f0fd",
      "#7ff1f6",
      "#80f2f0",
      "#84f2ec",
      "#87f3e7",
      "#89f2e3",
      "#89f3e2",
      "#89f2e2",
      "#94ede3",
      "#a1e6e5",
      "#b0dde8",
      "#bed3eb",
      "#cac9ee",
      "#d7bdf2",
      "#e1b0f5",
      "#eaa4f8",
      "#f299fc",
      "#f78ffe",
      "#fb87ff"
    ],
    "DYE_LAVA": [
      "#ca3b00",
      "#cd4300",
      "#d14d01",
      "#d55901",
      "#db6601",
      "#e07302",
      "#e68003",
      "#ea8d04",
      "#ef9a04",
      "#f3a605",
      "#f7b106",
      "#fabb06",
      "#fdc306",
      "#ffc807",
      "#ffc607",
      "#ffc102",
      "#ffba01",
      "#ffb400",
      "#ffac00",
      "#ffa200",
      "#ff9700",
      "#ff8900",
      "#fb7d01",
      "#f56f02",
      "#ec6604",
      "#e35f05",
      "#da5707",
      "#cf4e08",
      "#c44709",
      "#b93e0a",
      "#ae3509",
      "#a32d09",
      "#992409",
      "#901c09",
      "#881408",
      "#810c07",
      "#770407",
      "#6d0006",
      "#640005",
      "#5d0004",
      "#580002",
      "#560202",
      "#5a0401",
      "#5f0602",
      "#640901",
      "#6b0d02",
      "#721102",
      "#7a1502",
      "#831a02",
      "#8c1e02",
      "#962301",
      "#9f2702",
      "#a82c02",
      "#b02f01",
      "#b93300",
      "#bf3601",
      "#c63900",
      "#c63900",
      "#bf3601",
      "#b93300",
      "#b02f01",
      "#a82c02",
      "#9f2702",
      "#962301",
      "#8c1e02",
      "#831a02",
      "#7a1502",
      "#721102",
      "#6b0d02",
      "#640901",
      "#5f0602",
      "#5a0401",
      "#560202",
      "#580002",
      "#5d0004",
      "#640005",
      "#6d0006",
      "#770407",
      "#810c07",
      "#881408",
      "#901c09",
      "#992409",
      "#a32d09",
      "#ae3509",
      "#b93e0a",
      "#c44709",
      "#cf4e08",
      "#da5707",
      "#e35f05",
      "#ec6604",
      "#f56f02",
      "#fb7d01",
      "#ff8900",
      "#ff9700",
      "#ffa200",
      "#ffac00",
      "#ffb400",
      "#ffba01",
      "#ffc102",
      "#ffc607",
      "#ffc807",
      "#fdc306",
      "#fabb06",
      "#f7b106",
      "#f3a605",
      "#ef9a04",
      "#ea8d04",
      "#e68003",
      "#e07302",
      "#db6601",
      "#d55901",
      "#d14d01",
      "#cd4300",
      "#ca3b00"
    ],
    "DYE_AURORA": [
      "#048F95",
      "#0E9696",
      "#189D98",
      "#22A798",
      "#2CB299",
      "#37BE99",
      "#42C99A",
      "#4BD69A",
      "#54E19B",
      "#5DEB9C",
      "#64F49D",
      "#68FBA0",
      "#6DFFA3",
      "#6CFEA7",
      "#69FEB0",
      "#61FBB8",
      "#57F6C0",
      "#4AEFCA",
      "#3EE7D2",
      "#33DEDA",
      "#2CD5E1",
      "#2ECCE7",
      "#37C3ED",
      "#45BBF1",
      "#57B3F5",
      "#6FABF8",
      "#87A2FB",
      "#9E97FD",
      "#B38DFF",
      "#C780FF",
      "#D772FF",
      "#E463FF",
      "#EC53FF",
      "#EF42FF",
      "#EE3AFF",
      "#E934FD",
      "#E62EFA",
      "#E127F8",
      "#DB20F6",
      "#D41DF2",
      "#CD1AEF",
      "#C519EB",
      "#BB18E8",
      "#B319E4",
      "#AB1AE1",
      "#A11BDD",
      "#981CD9",
      "#901DD6",
      "#871DD2",
      "#801FD0",
      "#791FCD",
      "#7320C9",
      "#6E21C7",
      "#6926C6",
      "#622FC4",
      "#5B35C3",
      "#543BC1",
      "#4D40BE",
      "#4646BA",
      "#3E4BB6",
      "#364FB1",
      "#2F55AF",
      "#295BAC",
      "#2361AA",
      "#1D68A7",
      "#1870A4",
      "#1476A2",
      "#107D9E",
      "#0D839C",
      "#0B8899",
      "#088D97",
      "#088D97",
      "#0B8899",
      "#0D839C",
      "#107D9E",
      "#1476A2",
      "#1870A4",
      "#1D68A7",
      "#2361AA",
      "#295BAC",
      "#2F55AF",
      "#364FB1",
      "#3E4BB6",
      "#4646BA",
      "#4D40BE",
      "#543BC1",
      "#5B35C3",
      "#622FC4",
      "#6926C6",
      "#6E21C7",
      "#7320C9",
      "#791FCD",
      "#801FD0",
      "#871DD2",
      "#901DD6",
      "#981CD9",
      "#A11BDD",
      "#AB1AE1",
      "#B319E4",
      "#BB18E8",
      "#C519EB",
      "#CD1AEF",
      "#D41DF2",
      "#DB20F6",
      "#E127F8",
      "#E62EFA",
      "#E934FD",
      "#EE3AFF",
      "#EF42FF",
      "#EC53FF",
      "#E463FF",
      "#D772FF",
      "#C780FF",
      "#B38DFF",
      "#9E97FD",
      "#87A2FB",
      "#6FABF8",
      "#57B3F5",
      "#45BBF1",
      "#37C3ED",
      "#2ECCE7",
      "#2CD5E1",
      "#33DEDA",
      "#3EE7D2",
      "#4AEFCA",
      "#57F6C0",
      "#61FBB8",
      "#69FEB0",
      "#6CFEA7",
      "#6DFFA3",
      "#68FBA0",
      "#64F49D",
      "#5DEB9C",
      "#54E19B",
      "#4BD69A",
      "#42C99A",
      "#37BE99",
      "#2CB299",
      "#22A798",
      "#189D98",
      "#0E9696",
      "#048F95"
    ],
    "DYE_BLACK_ICE": [
      "#0B2031",
      "#0A1E2E",
      "#081C2B",
      "#061926",
      "#051521",
      "#04121C",
      "#030F18",
      "#010C13",
      "#020A11",
      "#01090E",
      "#02080E",
      "#010810",
      "#030911",
      "#030A14",
      "#030C17",
      "#040E1B",
      "#06101E",
      "#071322",
      "#0A1627",
      "#0C1A2B",
      "#0E1F30",
      "#112437",
      "#132A3D",
      "#163045",
      "#18374B",
      "#1B3E53",
      "#1E445A",
      "#204A60",
      "#224F65",
      "#235369",
      "#24546A",
      "#23546A",
      "#225268",
      "#235269",
      "#245269",
      "#245368",
      "#27566C",
      "#35657B",
      "#467991",
      "#588DA6",
      "#679DB6",
      "#6CA3BC",
      "#6A9FB9",
      "#6597B1",
      "#5D8CA5",
      "#547F98",
      "#4A7089",
      "#3F6079",
      "#345269",
      "#2A445A",
      "#21374D",
      "#1A2C41",
      "#142439",
      "#101E32",
      "#0D1A2D",
      "#0B1629",
      "#0A1425",
      "#091323",
      "#091221",
      "#091220",
      "#09121F",
      "#091321",
      "#091624",
      "#091827",
      "#091B2C",
      "#091B2C",
      "#091827",
      "#091624",
      "#091321",
      "#09121F",
      "#091220",
      "#091221",
      "#091323",
      "#0A1425",
      "#0B1629",
      "#0D1A2D",
      "#101E32",
      "#142439",
      "#1A2C41",
      "#21374D",
      "#2A445A",
      "#345269",
      "#3F6079",
      "#4A7089",
      "#547F98",
      "#5D8CA5",
      "#6597B1",
      "#6A9FB9",
      "#6CA3BC",
      "#679DB6",
      "#588DA6",
      "#467991",
      "#35657B",
      "#27566C",
      "#245368",
      "#245269",
      "#235269",
      "#225268",
      "#23546A",
      "#24546A",
      "#235369",
      "#224F65",
      "#204A60",
      "#1E445A",
      "#1B3E53",
      "#18374B",
      "#163045",
      "#132A3D",
      "#112437",
      "#0E1F30",
      "#0C1A2B",
      "#0A1627",
      "#071322",
      "#06101E",
      "#040E1B",
      "#030C17",
      "#030A14",
      "#030911",
      "#010810",
      "#02080E",
      "#01090E",
      "#020A11",
      "#010C13",
      "#030F18",
      "#04121C",
      "#051521",
      "#061926",
      "#081C2B",
      "#0A1E2E",
      "#0B2031"
    ],
    "DYE_SNOWFLAKE": [
      "#ACE5FF",
      "#B2E7FF",
      "#B8E8FF",
      "#C0ECFF",
      "#C9EEFF",
      "#D3F1FF",
      "#DCF4FF",
      "#E5F7FF",
      "#EEF9FF",
      "#F6FCFF",
      "#FBFEFF",
      "#FFFFFF",
      "#FFFEFF",
      "#FFFBFD",
      "#FFF7FA",
      "#FFF1F8",
      "#FFECF6",
      "#FFE8F4",
      "#FFE3F2",
      "#FCE1F2",
      "#F8DDF4",
      "#F4DAF6",
      "#EED7F8",
      "#E9D5FA",
      "#E2D3FC",
      "#DDD2FE",
      "#D9D2FF",
      "#D4D4FF",
      "#CFD6FF",
      "#C9D7FF",
      "#C3DAFF",
      "#BEDDFF",
      "#BAE0FF",
      "#B9E3FF",
      "#B9E7FF",
      "#BCE9FF",
      "#C2ECFF",
      "#CAEFFF",
      "#D4F3FF",
      "#DEF6FF",
      "#E8F9FF",
      "#F2FBFF",
      "#F9FDFF",
      "#FFFFFB",
      "#FFFFF7",
      "#FFFFF3",
      "#FFFFEE",
      "#FFFFEA",
      "#FFFFE6",
      "#FFFFE2",
      "#FFFFDF",
      "#FDFFDF",
      "#F8FFE0",
      "#F0FFE3",
      "#E8FFE7",
      "#DFFFEC",
      "#D6FFF1",
      "#CFFFF5",
      "#C9FDF6",
      "#C5FAF8",
      "#BFF7FA",
      "#B9F3FB",
      "#B5EEFD",
      "#B2EAFE",
      "#B2EAFE",
      "#B5EEFD",
      "#B9F3FB",
      "#BFF7FA",
      "#C5FAF8",
      "#C9FDF6",
      "#CFFFF5",
      "#D6FFF1",
      "#DFFFEC",
      "#E8FFE7",
      "#F0FFE3",
      "#F8FFE0",
      "#FDFFDF",
      "#FFFFDF",
      "#FFFFE2",
      "#FFFFE6",
      "#FFFFEA",
      "#FFFFEE",
      "#FFFFF3",
      "#FFFFF7",
      "#FFFFFB",
      "#F9FDFF",
      "#F2FBFF",
      "#E8F9FF",
      "#DEF6FF",
      "#D4F3FF",
      "#CAEFFF",
      "#C2ECFF",
      "#BCE9FF",
      "#B9E7FF",
      "#B9E3FF",
      "#BAE0FF",
      "#BEDDFF",
      "#C3DAFF",
      "#C9D7FF",
      "#CFD6FF",
      "#D4D4FF",
      "#D9D2FF",
      "#DDD2FE",
      "#E2D3FC",
      "#E9D5FA",
      "#EED7F8",
      "#F4DAF6",
      "#F8DDF4",
      "#FCE1F2",
      "#FFE3F2",
      "#FFE8F4",
      "#FFECF6",
      "#FFF1F8",
      "#FFF7FA",
      "#FFFBFD",
      "#FFFEFF",
      "#FFFFFF",
      "#FBFEFF",
      "#F6FCFF",
      "#EEF9FF",
      "#E5F7FF",
      "#DCF4FF",
      "#D3F1FF",
      "#C9EEFF",
      "#C0ECFF",
      "#B8E8FF",
      "#B2E7FF",
      "#ACE5FF"
    ],
    "DYE_OCEAN": [
      "#064DC3",
      "#0B4EC9",
      "#124FD0",
      "#1351D9",
      "#1754E3",
      "#1D5BEA",
      "#2163F1",
      "#206DF4",
      "#1D77F7",
      "#1983F9",
      "#1390FB",
      "#0E9DFD",
      "#07A9FD",
      "#03B4FE",
      "#00BEFF",
      "#00C6FF",
      "#00CEFF",
      "#00D6FF",
      "#00DDFF",
      "#00E4FF",
      "#00EAFF",
      "#00F0FF",
      "#00F3FF",
      "#00F5FF",
      "#00F6FF",
      "#00F4FF",
      "#00F1FF",
      "#00ECFF",
      "#00E7FF",
      "#00E0FF",
      "#00D9FF",
      "#00D2FF",
      "#00CBFF",
      "#00C5FF",
      "#01BFFF",
      "#01B9FF",
      "#03B1FF",
      "#05AAFF",
      "#06A3FF",
      "#099DFF",
      "#0D98FF",
      "#0E96FF",
      "#1097FE",
      "#0F99FC",
      "#0F9EFB",
      "#10A4F8",
      "#12AAF6",
      "#15B0F3",
      "#18B6F0",
      "#1BBCEE",
      "#1EC0EC",
      "#1FC3EB",
      "#1FC2EB",
      "#20C2EB",
      "#20C3EB",
      "#1BBDEF",
      "#19B9F3",
      "#16B4F7",
      "#14AFFB",
      "#12A8FF",
      "#10A2FF",
      "#0F9BFF",
      "#0E94FE",
      "#0B8AF8",
      "#097FEF",
      "#0773E6",
      "#0668DB",
      "#055DD1",
      "#0554C9",
      "#0554C9",
      "#055DD1",
      "#0668DB",
      "#0773E6",
      "#097FEF",
      "#0B8AF8",
      "#0E94FE",
      "#0F9BFF",
      "#10A2FF",
      "#12A8FF",
      "#14AFFB",
      "#16B4F7",
      "#19B9F3",
      "#1BBDEF",
      "#20C3EB",
      "#20C2EB",
      "#1FC2EB",
      "#1FC3EB",
      "#1EC0EC",
      "#1BBCEE",
      "#18B6F0",
      "#15B0F3",
      "#12AAF6",
      "#10A4F8",
      "#0F9EFB",
      "#0F99FC",
      "#1097FE",
      "#0E96FF",
      "#0D98FF",
      "#099DFF",
      "#06A3FF",
      "#05AAFF",
      "#03B1FF",
      "#01B9FF",
      "#01BFFF",
      "#00C5FF",
      "#00CBFF",
      "#00D2FF",
      "#00D9FF",
      "#00E0FF",
      "#00E7FF",
      "#00ECFF",
      "#00F1FF",
      "#00F4FF",
      "#00F6FF",
      "#00F5FF",
      "#00F3FF",
      "#00F0FF",
      "#00EAFF",
      "#00E4FF",
      "#00DDFF",
      "#00D6FF",
      "#00CEFF",
      "#00C6FF",
      "#00BEFF",
      "#03B4FE",
      "#07A9FD",
      "#0E9DFD",
      "#1390FB",
      "#1983F9",
      "#1D77F7",
      "#206DF4",
      "#2163F1",
      "#1D5BEA",
      "#1754E3",
      "#1351D9",
      "#124FD0",
      "#0B4EC9",
      "#064DC3"
    ],
    "FAIRY_HELMET": [
      "#FF33FF",
      "#FF00FF",
      "#CC00CC",
      "#990099",
      "#660066",
      "#660033",
      "#99004C",
      "#CC0066",
      "#FF007F",
      "#FF3399",
      "#FF66B2",
      "#FF99CC",
      "#FFCCE5",
      "#FF99CC",
      "#FF66B2",
      "#FF3399",
      "#FF007F",
      "#CC0066",
      "#99004C",
      "#660033",
      "#660066",
      "#990099",
      "#CC00CC",
      "#FF00FF",
      "#FF33FF",
      "#FF66FF",
      "#FF99FF",
      "#FFCCFF",
      "#E5CCFF",
      "#CC99FF",
      "#B266FF",
      "#9933FF",
      "#7F00FF",
      "#6600CC",
      "#4C0099",
      "#330066",
      "#4C0099",
      "#6600CC",
      "#7F00FF",
      "#9933FF",
      "#B266FF",
      "#CC99FF",
      "#E5CCFF",
      "#FFCCFF",
      "#FF99FF",
      "#FF66FF"
    ],
    "FAIRY_CHESTPLATE": [
      "#FF66FF",
      "#FF33FF",
      "#FF00FF",
      "#CC00CC",
      "#990099",
      "#660066",
      "#660033",
      "#99004C",
      "#CC0066",
      "#FF007F",
      "#FF3399",
      "#FF66B2",
      "#FF99CC",
      "#FFCCE5",
      "#FF99CC",
      "#FF66B2",
      "#FF3399",
      "#FF007F",
      "#CC0066",
      "#99004C",
      "#660033",
      "#660066",
      "#990099",
      "#CC00CC",
      "#FF00FF",
      "#FF33FF",
      "#FF66FF",
      "#FF99FF",
      "#FFCCFF",
      "#E5CCFF",
      "#CC99FF",
      "#B266FF",
      "#9933FF",
      "#7F00FF",
      "#6600CC",
      "#4C0099",
      "#330066",
      "#4C0099",
      "#6600CC",
      "#7F00FF",
      "#9933FF",
      "#B266FF",
      "#CC99FF",
      "#E5CCFF",
      "#FFCCFF",
      "#FF99FF"
    ],
    "FAIRY_LEGGINGS": [
      "#FF99FF",
      "#FF66FF",
      "#FF33FF",
      "#FF00FF",
      "#CC00CC",
      "#990099",
      "#660066",
      "#660033",
      "#99004C",
      "#CC0066",
      "#FF007F",
      "#FF3399",
      "#FF66B2",
      "#FF99CC",
      "#FFCCE5",
      "#FF99CC",
      "#FF66B2",
      "#FF3399",
      "#FF007F",
      "#CC0066",
      "#99004C",
      "#660033",
      "#660066",
      "#990099",
      "#CC00CC",
      "#FF00FF",
      "#FF33FF",
      "#FF66FF",
      "#FF99FF",
      "#FFCCFF",
      "#E5CCFF",
      "#CC99FF",
      "#B266FF",
      "#9933FF",
      "#7F00FF",
      "#6600CC",
      "#4C0099",
      "#330066",
      "#4C0099",
      "#6600CC",
      "#7F00FF",
      "#9933FF",
      "#B266FF",
      "#CC99FF",
      "#E5CCFF",
      "#FFCCFF"
    ],
    "FAIRY_BOOTS": [
      "#FFCCFF",
      "#FF99FF",
      "#FF66FF",
      "#FF33FF",
      "#FF00FF",
      "#CC00CC",
      "#990099",
      "#660066",
      "#660033",
      "#99004C",
      "#CC0066",
      "#FF007F",
      "#FF3399",
      "#FF66B2",
      "#FF99CC",
      "#FFCCE5",
      "#FF99CC",
      "#FF66B2",
      "#FF3399",
      "#FF007F",
      "#CC0066",
      "#99004C",
      "#660033",
      "#660066",
      "#990099",
      "#CC00CC",
      "#FF00FF",
      "#FF33FF",
      "#FF66FF",
      "#FF99FF",
      "#FFCCFF",
      "#E5CCFF",
      "#CC99FF",
      "#B266FF",
      "#9933FF",
      "#7F00FF",
      "#6600CC",
      "#4C0099",
      "#330066",
      "#4C0099",
      "#6600CC",
      "#7F00FF",
      "#9933FF",
      "#B266FF",
      "#CC99FF",
      "#E5CCFF"
    ]
  },
  "static": {
    "DYE_CARMINE": "#960018",
    "DYE_NECRON": "#E7413C",
    "DYE_BRICK_RED": "#CB4154",
    "DYE_CHOCOLATE": "#7B3F00",
    "DYE_FLAME": "#E25822",
    "DYE_MANGO": "#FDBE02",
    "DYE_PURE_YELLOW": "#FFF700",
    "DYE_NYANZA": "#E9FFDB",
    "DYE_CELADON": "#ACE1AF",
    "DYE_EMERALD": "#50C878",
    "DYE_HOLLY": "#3C6746",
    "DYE_AQUAMARINE": "#7FFFD4",
    "DYE_CELESTE": "#B2FFFF",
    "DYE_ICEBERG": "#71A6D2",
    "DYE_LIVID": "#CEB7AA",
    "TENTACLE_DYE": "#324D6C",
    "DYE_BINGO_BLUE": "#002FA7",
    "DYE_PURE_BLUE": "#0013FF",
    "DYE_DARK_PURPLE": "#301934",
    "DYE_MIDNIGHT": "#50216C",
    "DYE_BYZANTIUM": "#702963",
    "DYE_WILD_STRAWBERRY": "#FF43A4",
    "DYE_CYCLAMEN": "#F56FA1",
    "DYE_NADESHIKO": "#F6ADC6",
    "DYE_BONE": "#E3DAC9",
    "DYE_PURE_WHITE": "#FFFFFF",
    "DYE_PURE_BLACK": "#000000",
    "DYE_ARCHFIEND": "#B80036",
    "DYE_COPPER": "#B87333",
    "DYE_DUNG": "#4F2A2A",
    "DYE_FOSSIL": "#866F12",
    "DYE_FROSTBITTEN": "#09D8EB",
    "DYE_JADE": "#00A86B",
    "DYE_MATCHA": "#74A12E",
    "DYE_MOCHA": "#967969",
    "DYE_PEARLESCENT": "#115555",
    "DYE_PELT": "#50414C",
    "DYE_PERIWINKLE": "#CCCCFF",
    "DYE_SANGRIA": "#D40808",
    "DYE_SECRET": "#7D7D7D"
  },
  "vanilla": {
    "INK_SACK": "#191919",
    "INK_SACK-1": "#993333",
    "INK_SACK-2": "#667F33",
    "INK_SACK-3": "#664C33",
    "INK_SACK-4": "#334CB2",
    "INK_SACK-5": "#7F3FB2",
    "INK_SACK-6": "#4C7F99",
    "INK_SACK-7": "#999999",
    "INK_SACK-8": "#4C4C4C",
    "INK_SACK-9": "#F27FA5",
    "INK_SACK-10": "#7FCC19",
    "INK_SACK-11": "#E5E533",
    "INK_SACK-12": "#6699D8",
    "INK_SACK-13": "#B24CD8",
    "INK_SACK-14": "#D87F33",
    "INK_SACK-15": "#FFFFFF"
  }
}