{
  "0": {
    "Position": "-28.0:122.0:-0.0",
    "Neighbours": {
      "2": 4.0,
      "1": 6.0,
      "3": 6.0,
      "4": 8.25
    }
  },
  "1": {
    "Position": "-28.0:122.0:-6.0",
    "Neighbours": {
      "0": 6.0,
      "2": 7.21,
      "13": 8.25
    }
  },
  "2": {
    "Position": "-32.0:122.0:0.0",
    "Neighbours": {
      "0": 4.0,
      "17": 5.39,
      "1": 7.21,
      "3": 7.21
    }
  },
  "3": {
    "Position": "-28.0:122.0:6.0",
    "Neighbours": {
      "20": 5.39,
      "0": 6.0,
      "2": 7.21,
      "19": 7.35
    }
  },
  "4": {
    "Position": "-20.0:124.0:-0.0",
    "Neighbours": {
      "0": 8.25,
      "5": 10.2
    }
  },
  "5": {
    "Position": "-10.0:126.0:0.0",
    "Neighbours": {
      "6": 10.0,
      "4": 10.2
    }
  },
  "6": {
    "Position": "0.0:126.0:-0.0",
    "Neighbours": {
      "7": 7.0,
      "5": 10.0
    }
  },
  "7": {
    "Position": "7.0:126.0:0.0",
    "Neighbours": {
      "10": 5.0,
      "8": 5.83,
      "9": 6.4,
      "6": 7.0
    }
  },
  "8": {
    "Position": "12.0:126.0:3.0",
    "Neighbours": {
      "10": 3.0,
      "12": 4.12,
      "7": 5.83
    }
  },
  "9": {
    "Position": "12.0:126.0:-4.0",
    "Neighbours": {
      "10": 4.0,
      "7": 6.4
    }
  },
  "10": {
    "Position": "12.0:126.0:0.0",
    "Neighbours": {
      "8": 3.0,
      "9": 4.0,
      "7": 5.0,
      "11": 5.0
    }
  },
  "11": {
    "Position": "17.0:126.0:-0.0",
    "Neighbours": {
      "12": 3.32,
      "10": 5.0
    }
  },
  "12": {
    "Position": "16.0:125.0:3.0",
    "Name": "Hoppity",
    "Tags": [
      "hoppity"
    ],
    "Neighbours": {
      "11": 3.32,
      "8": 4.12
    }
  },
  "13": {
    "Position": "-28.0:120.0:-14.0",
    "Neighbours": {
      "14": 4.12,
      "50": 5.39,
      "49": 6.32,
      "47": 7.0,
      "1": 8.25
    }
  },
  "14": {
    "Position": "-24.0:121.0:-14.0",
    "Neighbours": {
      "16": 3.0,
      "15": 3.74,
      "13": 4.12
    }
  },
  "15": {
    "Position": "-21.0:120.0:-16.0",
    "Name": "Hoppity",
    "Tags": [
      "hoppity"
    ],
    "Neighbours": {
      "14": 3.74
    }
  },
  "16": {
    "Position": "-21.0:121.0:-14.0",
    "Name": "Croesus",
    "Tags": [
      "npc"
    ],
    "Neighbours": {
      "14": 3.0
    }
  },
  "17": {
    "Position": "-37.0:120.0:-6.123233995736766E-17",
    "Neighbours": {
      "2": 5.39,
      "18": 10.0,
      "37": 10.0,
      "33": 15.0
    }
  },
  "18": {
    "Position": "-37.0:120.0:10.0",
    "Name": "Hub Selector",
    "Tags": [
      "npc"
    ],
    "Neighbours": {
      "19": 3.32,
      "22": 6.4,
      "20": 9.06,
      "17": 10.0,
      "28": 14.76
    }
  },
  "19": {
    "Position": "-34.0:119.0:9.0",
    "Name": "Hoppity",
    "Tags": [
      "hoppity"
    ],
    "Neighbours": {
      "18": 3.32,
      "22": 6.16,
      "20": 6.4,
      "3": 7.35
    }
  },
  "20": {
    "Position": "-28.0:120.0:11.0",
    "Neighbours": {
      "3": 5.39,
      "19": 6.4,
      "22": 6.4,
      "18": 9.06,
      "21": 10.0
    }
  },
  "21": {
    "Position": "-28.0:120.0:21.0",
    "Neighbours": {
      "20": 10.0,
      "58": 15.23,
      "27": 18.0
    }
  },
  "22": {
    "Position": "-33.0:120.0:15.0",
    "Neighbours": {
      "19": 6.16,
      "18": 6.4,
      "20": 6.4,
      "23": 8.06
    }
  },
  "23": {
    "Position": "-37.0:120.0:22.0",
    "Neighbours": {
      "22": 8.06,
      "24": 9.43
    }
  },
  "24": {
    "Position": "-42.0:120.0:30.0",
    "Neighbours": {
      "26": 7.21,
      "31": 8.31,
      "25": 8.49,
      "23": 9.43
    }
  },
  "25": {
    "Position": "-48.0:120.0:24.0",
    "Neighbours": {
      "28": 7.28,
      "24": 8.49
    }
  },
  "26": {
    "Position": "-38.0:120.0:36.0",
    "Neighbours": {
      "24": 7.21,
      "31": 8.31,
      "27": 10.44
    }
  },
  "27": {
    "Position": "-28.0:120.0:39.0",
    "Neighbours": {
      "26": 10.44,
      "21": 18.0
    }
  },
  "28": {
    "Position": "-50.0:120.0:17.0",
    "Neighbours": {
      "25": 7.28,
      "32": 7.28,
      "29": 7.87,
      "18": 14.76
    }
  },
  "29": {
    "Position": "-57.0:122.0:20.0",
    "Neighbours": {
      "30": 5.1,
      "28": 7.87
    }
  },
  "30": {
    "Position": "-62.0:122.0:21.0",
    "Neighbours": {
      "29": 5.1,
      "149": 7.0
    }
  },
  "31": {
    "Position": "-46.0:122.0:37.0",
    "Neighbours": {
      "24": 8.31,
      "26": 8.31
    }
  },
  "32": {
    "Position": "-52.0:120.0:10.0",
    "Neighbours": {
      "28": 7.28,
      "33": 10.0
    }
  },
  "33": {
    "Position": "-52.0:120.0:0.0",
    "Neighbours": {
      "51": 6.32,
      "34": 9.06,
      "32": 10.0,
      "35": 12.0,
      "17": 15.0
    }
  },
  "34": {
    "Position": "-53.0:120.0:-9.0",
    "Name": "Adventurer Saul",
    "Tags": [
      "npc"
    ],
    "Neighbours": {
      "35": 3.16,
      "33": 9.06
    }
  },
  "35": {
    "Position": "-52.0:120.0:-12.0",
    "Neighbours": {
      "36": 2.45,
      "34": 3.16,
      "40": 4.12,
      "38": 6.71,
      "33": 12.0
    }
  },
  "36": {
    "Position": "-54.0:119.0:-13.0",
    "Name": "Hoppity",
    "Tags": [
      "hoppity"
    ],
    "Neighbours": {
      "35": 2.45
    }
  },
  "37": {
    "Position": "-37.0:120.0:-10.0",
    "Neighbours": {
      "50": 4.47,
      "17": 10.0,
      "38": 10.3
    }
  },
  "38": {
    "Position": "-46.0:120.0:-15.0",
    "Neighbours": {
      "40": 5.1,
      "35": 6.71,
      "39": 6.71,
      "37": 10.3
    }
  },
  "39": {
    "Position": "-49.0:120.0:-21.0",
    "Neighbours": {
      "40": 5.39,
      "38": 6.71,
      "41": 7.55,
      "43": 10.3
    }
  },
  "40": {
    "Position": "-51.0:120.0:-16.0",
    "Neighbours": {
      "35": 4.12,
      "38": 5.1,
      "39": 5.39,
      "41": 6.16
    }
  },
  "41": {
    "Position": "-56.0:122.0:-19.0",
    "Neighbours": {
      "40": 6.16,
      "42": 6.32,
      "39": 7.55
    }
  },
  "42": {
    "Position": "-62.0:122.0:-21.0",
    "Neighbours": {
      "41": 6.32
    }
  },
  "43": {
    "Position": "-44.0:120.0:-30.0",
    "Neighbours": {
      "48": 5.83,
      "44": 7.07,
      "45": 7.55,
      "39": 10.3
    }
  },
  "44": {
    "Position": "-39.0:120.0:-35.0",
    "Neighbours": {
      "43": 7.07,
      "45": 7.55,
      "48": 8.0,
      "46": 12.08
    }
  },
  "45": {
    "Position": "-46.0:122.0:-37.0",
    "Neighbours": {
      "43": 7.55,
      "44": 7.55
    }
  },
  "46": {
    "Position": "-28.0:120.0:-40.0",
    "Neighbours": {
      "44": 12.08,
      "47": 19.0
    }
  },
  "47": {
    "Position": "-28.0:120.0:-21.0",
    "Neighbours": {
      "13": 7.0,
      "56": 13.93,
      "46": 19.0
    }
  },
  "48": {
    "Position": "-39.0:120.0:-27.0",
    "Neighbours": {
      "43": 5.83,
      "44": 8.0,
      "49": 12.08
    }
  },
  "49": {
    "Position": "-34.0:120.0:-16.0",
    "Neighbours": {
      "50": 4.12,
      "13": 6.32,
      "48": 12.08
    }
  },
  "50": {
    "Position": "-33.0:120.0:-12.0",
    "Neighbours": {
      "49": 4.12,
      "37": 4.47,
      "13": 5.39
    }
  },
  "51": {
    "Position": "-58.0:122.0:0.0",
    "Neighbours": {
      "53": 6.0,
      "33": 6.32
    }
  },
  "52": {
    "Position": "-69.0:124.0:0.0",
    "Name": "Mort",
    "Tags": [
      "npc"
    ],
    "Neighbours": {
      "53": 5.39
    }
  },
  "53": {
    "Position": "-64.0:122.0:-0.0",
    "Neighbours": {
      "54": 4.0,
      "694": 5.0,
      "52": 5.39,
      "51": 6.0
    }
  },
  "54": {
    "Position": "-64.0:122.0:-4.0",
    "Neighbours": {
      "55": 3.0,
      "693": 3.61,
      "53": 4.0
    }
  },
  "55": {
    "Position": "-64.0:122.0:-7.0",
    "Name": "Ophelia",
    "Tags": [
      "npc"
    ],
    "Neighbours": {
      "693": 2.0,
      "54": 3.0
    }
  },
  "56": {
    "Position": "-15.0:115.0:-21.0",
    "Neighbours": {
      "57": 13.42,
      "47": 13.93
    }
  },
  "57": {
    "Position": "-3.0:109.0:-21.0",
    "Neighbours": {
      "64": 4.12,
      "73": 5.0,
      "71": 6.4,
      "56": 13.42
    }
  },
  "58": {
    "Position": "-14.0:114.0:21.0",
    "Neighbours": {
      "59": 12.08,
      "21": 15.23
    }
  },
  "59": {
    "Position": "-3.0:109.0:21.0",
    "Neighbours": {
      "65": 4.12,
      "72": 5.0,
      "66": 6.4,
      "58": 12.08
    }
  },
  "60": {
    "Position": "-4.0:109.0:13.0",
    "Neighbours": {
      "61": 4.47,
      "65": 4.47
    }
  },
  "61": {
    "Position": "-2.0:109.0:9.0",
    "Neighbours": {
      "68": 4.0,
      "60": 4.47,
      "338": 9.22,
      "62": 18.0
    }
  },
  "62": {
    "Position": "-2.0:109.0:-9.0",
    "Neighbours": {
      "69": 4.0,
      "63": 4.47,
      "338": 9.22,
      "61": 18.0
    }
  },
  "63": {
    "Position": "-4.0:109.0:-13.0",
    "Neighbours": {
      "62": 4.47,
      "64": 4.47
    }
  },
  "64": {
    "Position": "-2.0:109.0:-17.0",
    "Neighbours": {
      "71": 4.0,
      "57": 4.12,
      "63": 4.47,
      "73": 8.25
    }
  },
  "65": {
    "Position": "-2.0:109.0:17.0",
    "Neighbours": {
      "66": 4.0,
      "59": 4.12,
      "60": 4.47,
      "72": 8.25
    }
  },
  "66": {
    "Position": "2.0:109.0:17.0",
    "Neighbours": {
      "65": 4.0,
      "67": 4.47,
      "59": 6.4,
      "72": 8.25
    }
  },
  "67": {
    "Position": "4.0:109.0:13.0",
    "Neighbours": {
      "66": 4.47,
      "68": 4.47
    }
  },
  "68": {
    "Position": "2.0:109.0:9.0",
    "Neighbours": {
      "61": 4.0,
      "67": 4.47,
      "338": 9.22,
      "69": 18.0
    }
  },
  "69": {
    "Position": "2.0:109.0:-9.0",
    "Neighbours": {
      "62": 4.0,
      "70": 4.47,
      "338": 9.22,
      "68": 18.0
    }
  },
  "70": {
    "Position": "4.0:109.0:-13.0",
    "Neighbours": {
      "69": 4.47,
      "71": 4.47
    }
  },
  "71": {
    "Position": "2.0:109.0:-17.0",
    "Neighbours": {
      "64": 4.0,
      "70": 4.47,
      "57": 6.4,
      "73": 8.25
    }
  },
  "72": {
    "Position": "-1.232595164407831E-32:109.0:25.0",
    "Neighbours": {
      "59": 5.0,
      "65": 8.25,
      "66": 8.25,
      "82": 11.18
    }
  },
  "73": {
    "Position": "0.0:109.0:-25.0",
    "Neighbours": {
      "57": 5.0,
      "64": 8.25,
      "71": 8.25,
      "74": 11.18
    }
  },
  "74": {
    "Position": "-1.8369701987210297E-16:104.0:-35.0",
    "Neighbours": {
      "75": 3.0,
      "77": 5.0,
      "73": 11.18
    }
  },
  "75": {
    "Position": "-3.6739403974420594E-16:104.0:-38.0",
    "Neighbours": {
      "74": 3.0,
      "77": 4.0,
      "76": 5.0
    }
  },
  "76": {
    "Position": "-1.2246467991473532E-16:104.0:-43.0",
    "Neighbours": {
      "287": 4.0,
      "75": 5.0,
      "77": 6.4
    }
  },
  "77": {
    "Position": "-4.0:104.0:-38.0",
    "Neighbours": {
      "75": 4.0,
      "74": 5.0,
      "76": 6.4,
      "78": 17.89
    }
  },
  "78": {
    "Position": "-20.0:96.0:-38.0",
    "Neighbours": {
      "79": 3.0,
      "77": 17.89
    }
  },
  "79": {
    "Position": "-23.0:96.0:-38.0",
    "Neighbours": {
      "78": 3.0,
      "80": 3.0
    }
  },
  "80": {
    "Position": "-23.0:96.0:-35.0",
    "Neighbours": {
      "79": 3.0,
      "81": 17.89
    }
  },
  "81": {
    "Position": "-23.0:88.0:-19.0",
    "Neighbours": {
      "93": 5.0,
      "92": 5.1,
      "95": 6.4,
      "80": 17.89
    }
  },
  "82": {
    "Position": "0.0:104.0:35.0",
    "Neighbours": {
      "83": 3.0,
      "85": 5.0,
      "72": 11.18
    }
  },
  "83": {
    "Position": "3.6739403974420594E-16:104.0:38.0",
    "Neighbours": {
      "82": 3.0,
      "85": 4.0,
      "84": 6.0
    }
  },
  "84": {
    "Position": "0.0:104.0:44.0",
    "Neighbours": {
      "83": 6.0
    }
  },
  "85": {
    "Position": "-4.0:104.0:38.0",
    "Neighbours": {
      "83": 4.0,
      "82": 5.0,
      "284": 8.94
    }
  },
  "86": {
    "Position": "-20.0:96.0:38.0",
    "Neighbours": {
      "87": 3.0,
      "284": 8.94
    }
  },
  "87": {
    "Position": "-23.0:96.0:38.0",
    "Neighbours": {
      "86": 3.0,
      "88": 3.0
    }
  },
  "88": {
    "Position": "-23.0:96.0:35.0",
    "Neighbours": {
      "87": 3.0,
      "89": 17.89
    }
  },
  "89": {
    "Position": "-23.0:88.0:19.0",
    "Neighbours": {
      "90": 4.0,
      "88": 17.89
    }
  },
  "90": {
    "Position": "-23.0:88.0:15.0",
    "Neighbours": {
      "89": 4.0,
      "91": 5.48
    }
  },
  "91": {
    "Position": "-21.0:87.0:10.0",
    "Neighbours": {
      "98": 4.12,
      "90": 5.48,
      "96": 6.32,
      "97": 10.05
    }
  },
  "92": {
    "Position": "-22.0:88.0:-14.0",
    "Neighbours": {
      "81": 5.1,
      "95": 6.08,
      "93": 6.4,
      "94": 7.14
    }
  },
  "93": {
    "Position": "-18.0:88.0:-19.0",
    "Neighbours": {
      "81": 5.0,
      "126": 6.32,
      "92": 6.4
    }
  },
  "94": {
    "Position": "-21.0:87.0:-7.0",
    "Neighbours": {
      "692": 3.16,
      "691": 4.47,
      "97": 7.07,
      "92": 7.14
    }
  },
  "95": {
    "Position": "-28.0:88.0:-15.0",
    "Neighbours": {
      "92": 6.08,
      "81": 6.4
    }
  },
  "96": {
    "Position": "-19.0:87.0:4.0",
    "Name": "Guildford",
    "Tags": [
      "npc"
    ],
    "Neighbours": {
      "98": 3.61,
      "97": 4.12,
      "91": 6.32,
      "116": 7.68
    }
  },
  "97": {
    "Position": "-20.0:87.0:0.0",
    "Name": "Race Start",
    "Tags": [
      "race"
    ],
    "Neighbours": {
      "96": 4.12,
      "691": 4.24,
      "99": 5.83,
      "98": 6.32,
      "692": 6.32,
      "94": 7.07,
      "91": 10.05
    }
  },
  "98": {
    "Position": "-22.0:87.0:6.0",
    "Neighbours": {
      "96": 3.61,
      "91": 4.12,
      "97": 6.32
    }
  },
  "99": {
    "Position": "-15.0:84.0:0.0",
    "Neighbours": {
      "97": 5.83,
      "116": 5.83,
      "100": 7.21
    }
  },
  "100": {
    "Position": "-11.0:84.0:-6.0",
    "Neighbours": {
      "101": 7.07,
      "99": 7.21
    }
  },
  "101": {
    "Position": "-6.0:84.0:-11.0",
    "Neighbours": {
      "102": 6.71,
      "100": 7.07
    }
  },
  "102": {
    "Position": "-3.0:84.0:-17.0",
    "Neighbours": {
      "103": 4.12,
      "101": 6.71
    }
  },
  "103": {
    "Position": "1.0:85.0:-17.0",
    "Neighbours": {
      "102": 4.12,
      "104": 8.54
    }
  },
  "104": {
    "Position": "9.0:85.0:-20.0",
    "Neighbours": {
      "105": 7.0,
      "103": 8.54
    }
  },
  "105": {
    "Position": "12.0:83.0:-26.0",
    "Neighbours": {
      "106": 6.08,
      "104": 7.0
    }
  },
  "106": {
    "Position": "12.0:84.0:-32.0",
    "Neighbours": {
      "107": 4.24,
      "105": 6.08
    }
  },
  "107": {
    "Position": "9.0:84.0:-35.0",
    "Neighbours": {
      "106": 4.24,
      "108": 6.4
    }
  },
  "108": {
    "Position": "3.0:85.0:-33.0",
    "Neighbours": {
      "107": 6.4,
      "109": 10.0
    }
  },
  "109": {
    "Position": "-7.0:85.0:-33.0",
    "Neighbours": {
      "110": 9.43,
      "108": 10.0
    }
  },
  "110": {
    "Position": "-12.0:85.0:-41.0",
    "Neighbours": {
      "111": 8.83,
      "109": 9.43
    }
  },
  "111": {
    "Position": "-7.0:87.0:-48.0",
    "Neighbours": {
      "110": 8.83,
      "112": 9.0
    }
  },
  "112": {
    "Position": "2.0:87.0:-48.0",
    "Neighbours": {
      "113": 7.68,
      "111": 9.0
    }
  },
  "113": {
    "Position": "7.0:84.0:-53.0",
    "Neighbours": {
      "114": 7.0,
      "112": 7.68
    }
  },
  "114": {
    "Position": "10.0:82.0:-59.0",
    "Neighbours": {
      "113": 7.0,
      "115": 7.48
    }
  },
  "115": {
    "Position": "4.0:80.0:-63.0",
    "Neighbours": {
      "152": 7.35,
      "114": 7.48
    }
  },
  "116": {
    "Position": "-12.0:84.0:5.0",
    "Neighbours": {
      "99": 5.83,
      "117": 7.0
    }
  },
  "117": {
    "Position": "-5.0:84.0:5.0",
    "Neighbours": {
      "116": 7.0,
      "118": 10.0
    }
  },
  "118": {
    "Position": "1.0:84.0:-3.0",
    "Neighbours": {
      "119": 5.92,
      "117": 10.0
    }
  },
  "119": {
    "Position": "6.0:83.0:-6.0",
    "Neighbours": {
      "118": 5.92,
      "120": 9.22
    }
  },
  "120": {
    "Position": "13.0:77.0:-6.0",
    "Neighbours": {
      "121": 4.47,
      "119": 9.22
    }
  },
  "121": {
    "Position": "15.0:77.0:-2.0",
    "Neighbours": {
      "120": 4.47,
      "122": 4.47
    }
  },
  "122": {
    "Position": "15.0:75.0:2.0",
    "Neighbours": {
      "121": 4.47,
      "123": 11.4
    }
  },
  "123": {
    "Position": "8.0:75.0:11.0",
    "Neighbours": {
      "124": 11.05,
      "122": 11.4
    }
  },
  "124": {
    "Position": "7.0:75.0:22.0",
    "Neighbours": {
      "125": 7.0,
      "123": 11.05
    }
  },
  "125": {
    "Position": "7.0:75.0:29.0",
    "Neighbours": {
      "128": 4.58,
      "124": 7.0
    }
  },
  "126": {
    "Position": "-16.0:88.0:-25.0",
    "Neighbours": {
      "127": 3.0,
      "93": 6.32
    }
  },
  "127": {
    "Position": "-18.0:87.0:-27.0",
    "Name": "Hoppity",
    "Tags": [
      "hoppity"
    ],
    "Neighbours": {
      "126": 3.0
    }
  },
  "128": {
    "Position": "9.0:76.0:33.0",
    "Neighbours": {
      "125": 4.58,
      "129": 4.58
    }
  },
  "129": {
    "Position": "5.0:77.0:35.0",
    "Neighbours": {
      "128": 4.58,
      "130": 6.16
    }
  },
  "130": {
    "Position": "-0.0:79.0:32.0",
    "Neighbours": {
      "129": 6.16,
      "131": 6.16,
      "125": 8.6
    }
  },
  "131": {
    "Position": "-6.0:80.0:31.0",
    "Neighbours": {
      "130": 6.16,
      "132": 6.16
    }
  },
  "132": {
    "Position": "-11.0:82.0:34.0",
    "Neighbours": {
      "133": 5.1,
      "131": 6.16
    }
  },
  "133": {
    "Position": "-11.0:83.0:39.0",
    "Neighbours": {
      "132": 5.1,
      "134": 7.81
    }
  },
  "134": {
    "Position": "-5.0:83.0:44.0",
    "Neighbours": {
      "133": 7.81,
      "135": 9.06
    }
  },
  "135": {
    "Position": "4.0:82.0:44.0",
    "Neighbours": {
      "136": 5.0,
      "138": 5.0,
      "134": 9.06
    }
  },
  "136": {
    "Position": "8.0:82.0:41.0",
    "Neighbours": {
      "137": 4.12,
      "135": 5.0,
      "138": 7.07
    }
  },
  "137": {
    "Position": "9.0:82.0:37.0",
    "Neighbours": {
      "136": 4.12,
      "128": 7.21
    }
  },
  "138": {
    "Position": "7.0:82.0:48.0",
    "Neighbours": {
      "135": 5.0,
      "136": 7.07,
      "139": 11.7
    }
  },
  "139": {
    "Position": "-1.0000000000000002:79.0:56.0",
    "Neighbours": {
      "140": 5.2,
      "141": 9.0,
      "138": 11.7
    }
  },
  "140": {
    "Position": "-6.0:78.0:55.0",
    "Neighbours": {
      "139": 5.2,
      "141": 8.6
    }
  },
  "141": {
    "Position": "-2.0:75.0:48.0",
    "Neighbours": {
      "142": 6.4,
      "140": 8.6
    }
  },
  "142": {
    "Position": "-3.0:73.0:42.0",
    "Neighbours": {
      "141": 6.4,
      "143": 7.21
    }
  },
  "143": {
    "Position": "-7.0:73.0:36.0",
    "Neighbours": {
      "142": 7.21,
      "144": 7.28
    }
  },
  "144": {
    "Position": "-7.0:71.0:29.0",
    "Neighbours": {
      "143": 7.28,
      "145": 10.34
    }
  },
  "145": {
    "Position": "-2.0:70.0:20.0",
    "Neighbours": {
      "146": 9.64,
      "144": 10.34
    }
  },
  "146": {
    "Position": "3.0:68.0:12.0",
    "Neighbours": {
      "147": 3.61,
      "145": 9.64
    }
  },
  "147": {
    "Position": "5.0:68.0:9.0",
    "Neighbours": {
      "146": 3.61,
      "192": 4.36,
      "339": 7.81,
      "344": 13.89
    }
  },
  "148": {
    "Position": "5.0:11.0:-1.0",
    "Name": "Hoppity",
    "Tags": [
      "hoppity"
    ],
    "Neighbours": {
      "502": 2.24
    }
  },
  "149": {
    "Position": "-62.0:122.0:28.0",
    "Name": "Hoppity",
    "Tags": [
      "hoppity"
    ],
    "Neighbours": {
      "30": 7.0
    }
  },
  "150": {
    "Position": "-138.0:21.0:-7.0",
    "Name": "Hoppity",
    "Tags": [
      "npc"
    ],
    "Neighbours": {
      "151": 4.24
    }
  },
  "151": {
    "Position": "-137.0:22.0:-3.0",
    "Name": "Precrsor Finish",
    "Tags": [
      "race"
    ],
    "Neighbours": {
      "235": 3.16,
      "150": 4.24
    }
  },
  "152": {
    "Position": "-1.0:78.0:-58.0",
    "Neighbours": {
      "153": 6.32,
      "115": 7.35
    }
  },
  "153": {
    "Position": "-1.0:76.0:-52.0",
    "Neighbours": {
      "152": 6.32,
      "154": 7.81
    }
  },
  "154": {
    "Position": "3.0:73.0:-46.0",
    "Neighbours": {
      "155": 3.61,
      "153": 7.81,
      "158": 9.0
    }
  },
  "155": {
    "Position": "-0.0:73.0:-44.0",
    "Neighbours": {
      "157": 2.83,
      "154": 3.61
    }
  },
  "156": {
    "Position": "-5.0:73.0:-40.0",
    "Neighbours": {
      "157": 3.61,
      "165": 9.06
    }
  },
  "157": {
    "Position": "-1.9999999999999998:73.0:-42.0",
    "Neighbours": {
      "155": 2.83,
      "156": 3.61
    }
  },
  "158": {
    "Position": "9.0:70.0:-40.0",
    "Neighbours": {
      "160": 4.58,
      "159": 5.74,
      "154": 9.0
    }
  },
  "159": {
    "Position": "5.0:69.0:-36.0",
    "Neighbours": {
      "158": 5.74,
      "160": 6.0,
      "164": 6.63
    }
  },
  "160": {
    "Position": "11.0:69.0:-36.0",
    "Neighbours": {
      "158": 4.58,
      "159": 6.0,
      "161": 7.35
    }
  },
  "161": {
    "Position": "12.0:67.0:-29.0",
    "Neighbours": {
      "160": 7.35,
      "162": 8.31
    }
  },
  "162": {
    "Position": "11.0:65.0:-21.0",
    "Neighbours": {
      "161": 8.31,
      "163": 8.54
    }
  },
  "163": {
    "Position": "11.0:62.0:-13.0",
    "Neighbours": {
      "342": 6.32,
      "162": 8.54
    }
  },
  "164": {
    "Position": "-1.0:67.0:-34.0",
    "Neighbours": {
      "159": 6.63,
      "165": 7.87
    }
  },
  "165": {
    "Position": "-8.0:65.0:-37.0",
    "Neighbours": {
      "166": 5.48,
      "164": 7.87
    }
  },
  "166": {
    "Position": "-13.0:64.0:-39.0",
    "Neighbours": {
      "167": 4.47,
      "174": 5.1,
      "165": 5.48
    }
  },
  "167": {
    "Position": "-17.0:64.0:-37.0",
    "Neighbours": {
      "168": 4.12,
      "166": 4.47
    }
  },
  "168": {
    "Position": "-18.0:64.0:-33.0",
    "Neighbours": {
      "167": 4.12,
      "169": 4.36
    }
  },
  "169": {
    "Position": "-21.0:63.0:-30.0",
    "Neighbours": {
      "168": 4.36,
      "170": 5.39
    }
  },
  "170": {
    "Position": "-23.0:63.0:-25.0",
    "Neighbours": {
      "169": 5.39,
      "171": 6.4
    }
  },
  "171": {
    "Position": "-27.0:63.0:-20.0",
    "Neighbours": {
      "170": 6.4,
      "172": 6.78
    }
  },
  "172": {
    "Position": "-33.0:64.0:-17.0",
    "Neighbours": {
      "173": 5.0,
      "171": 6.78
    }
  },
  "173": {
    "Position": "-38.0:64.0:-17.0",
    "Neighbours": {
      "172": 5.0,
      "176": 7.0
    }
  },
  "174": {
    "Position": "-13.0:63.0:-34.0",
    "Neighbours": {
      "166": 5.1,
      "175": 10.0
    }
  },
  "175": {
    "Position": "-13.0:53.0:-34.0",
    "Neighbours": {
      "369": 5.1,
      "362": 7.21,
      "174": 10.0
    }
  },
  "176": {
    "Position": "-45.0:64.0:-17.0",
    "Neighbours": {
      "177": 3.61,
      "173": 7.0
    }
  },
  "177": {
    "Position": "-48.0:64.0:-15.0",
    "Neighbours": {
      "176": 3.61,
      "178": 5.83
    }
  },
  "178": {
    "Position": "-51.0:64.0:-10.0",
    "Neighbours": {
      "177": 5.83,
      "179": 5.83
    }
  },
  "179": {
    "Position": "-54.0:64.0:-5.0",
    "Neighbours": {
      "178": 5.83,
      "180": 6.08
    }
  },
  "180": {
    "Position": "-54.0:65.0:1.0",
    "Neighbours": {
      "181": 4.58,
      "179": 6.08
    }
  },
  "181": {
    "Position": "-50.0:66.0:3.0",
    "Neighbours": {
      "180": 4.58,
      "182": 5.0
    }
  },
  "182": {
    "Position": "-45.0:66.0:3.0",
    "Neighbours": {
      "181": 5.0,
      "183": 5.0,
      "198": 6.16
    }
  },
  "183": {
    "Position": "-41.0:66.0:-6.123233995736766E-17",
    "Neighbours": {
      "184": 4.0,
      "182": 5.0,
      "198": 5.92
    }
  },
  "184": {
    "Position": "-37.0:66.0:6.123233995736765E-17",
    "Neighbours": {
      "183": 4.0,
      "185": 5.66
    }
  },
  "185": {
    "Position": "-33.0:66.0:4.0",
    "Neighbours": {
      "186": 3.0,
      "184": 5.66
    }
  },
  "186": {
    "Position": "-30.0:66.0:4.0",
    "Neighbours": {
      "185": 3.0,
      "190": 4.12,
      "187": 5.0
    }
  },
  "187": {
    "Position": "-30.0:61.0:4.0",
    "Neighbours": {
      "188": 1.41,
      "186": 5.0
    }
  },
  "188": {
    "Position": "-30.0:60.0:3.0",
    "Neighbours": {
      "187": 1.41,
      "189": 5.0
    }
  },
  "189": {
    "Position": "-30.0:55.0:3.0",
    "Neighbours": {
      "188": 5.0,
      "422": 7.28
    }
  },
  "190": {
    "Position": "-26.0:66.0:5.0",
    "Neighbours": {
      "186": 4.12,
      "191": 4.47
    }
  },
  "191": {
    "Position": "-24.0:66.0:9.0",
    "Neighbours": {
      "197": 4.24,
      "190": 4.47,
      "351": 5.2
    }
  },
  "192": {
    "Position": "2.0:67.0:6.0",
    "Neighbours": {
      "147": 4.36,
      "193": 6.71
    }
  },
  "193": {
    "Position": "-4.0:67.0:3.0",
    "Neighbours": {
      "194": 6.48,
      "192": 6.71
    }
  },
  "194": {
    "Position": "-9.0:68.0:-1.0",
    "Neighbours": {
      "195": 5.1,
      "193": 6.48
    }
  },
  "195": {
    "Position": "-14.0:68.0:-2.0",
    "Neighbours": {
      "194": 5.1,
      "196": 5.48
    }
  },
  "196": {
    "Position": "-19.0:67.0:0.0",
    "Neighbours": {
      "195": 5.48,
      "197": 6.4
    }
  },
  "197": {
    "Position": "-21.0:66.0:6.0",
    "Neighbours": {
      "191": 4.24,
      "196": 6.4
    }
  },
  "198": {
    "Position": "-46.0:67.0:-3.0",
    "Neighbours": {
      "199": 5.1,
      "183": 5.92,
      "182": 6.16
    }
  },
  "199": {
    "Position": "-50.0:68.0:-6.0",
    "Neighbours": {
      "200": 4.58,
      "198": 5.1,
      "179": 5.74,
      "178": 5.74
    }
  },
  "200": {
    "Position": "-52.0:69.0:-10.0",
    "Neighbours": {
      "199": 4.58,
      "178": 5.1,
      "201": 5.39,
      "179": 7.35
    }
  },
  "201": {
    "Position": "-52.0:71.0:-15.0",
    "Neighbours": {
      "202": 4.0,
      "213": 5.1,
      "200": 5.39,
      "211": 5.39
    }
  },
  "202": {
    "Position": "-52.0:71.0:-19.0",
    "Neighbours": {
      "203": 3.16,
      "201": 4.0,
      "211": 5.39
    }
  },
  "203": {
    "Position": "-49.0:72.0:-19.0",
    "Neighbours": {
      "202": 3.16,
      "210": 3.16,
      "204": 7.07
    }
  },
  "204": {
    "Position": "-49.0:71.0:-26.0",
    "Neighbours": {
      "205": 10.0
    }
  },
  "205": {
    "Position": "-39.0:71.0:-26.0",
    "Neighbours": {
      "206": 6.32,
      "204": 10.0
    }
  },
  "206": {
    "Position": "-37.0:71.0:-20.0",
    "Neighbours": {
      "208": 2.83,
      "207": 5.39,
      "205": 6.32
    }
  },
  "207": {
    "Position": "-33.0:73.0:-17.0",
    "Neighbours": {
      "206": 5.39
    }
  },
  "208": {
    "Position": "-39.0:71.0:-18.0",
    "Neighbours": {
      "209": 2.24,
      "206": 2.83,
      "173": 7.14
    }
  },
  "209": {
    "Position": "-41.0:71.0:-19.0",
    "Neighbours": {
      "208": 2.24,
      "210": 5.0
    }
  },
  "210": {
    "Position": "-46.0:71.0:-19.0",
    "Neighbours": {
      "213": 3.16,
      "209": 5.0
    }
  },
  "211": {
    "Position": "-57.0:71.0:-17.0",
    "Neighbours": {
      "201": 5.39,
      "202": 5.39,
      "212": 12.37
    }
  },
  "212": {
    "Position": "-69.0:68.0:-17.0",
    "Neighbours": {
      "216": 3.16,
      "214": 5.74,
      "211": 12.37
    }
  },
  "213": {
    "Position": "-47.0:71.0:-16.0",
    "Neighbours": {
      "210": 3.16,
      "201": 5.1,
      "176": 7.35
    }
  },
  "214": {
    "Position": "-73.0:67.0:-13.0",
    "Neighbours": {
      "212": 5.74,
      "215": 6.0
    }
  },
  "215": {
    "Position": "-73.0:61.0:-13.0",
    "Neighbours": {
      "220": 3.16,
      "218": 5.0,
      "214": 6.0,
      "217": 6.71
    }
  },
  "216": {
    "Position": "-72.0:67.0:-17.0",
    "Neighbours": {
      "212": 3.16,
      "217": 9.27
    }
  },
  "217": {
    "Position": "-79.0:61.0:-16.0",
    "Neighbours": {
      "218": 6.32,
      "215": 6.71,
      "219": 8.25,
      "221": 40.52,
      "222": 44.77
    }
  },
  "218": {
    "Position": "-73.0:61.0:-18.0",
    "Neighbours": {
      "215": 5.0,
      "217": 6.32
    }
  },
  "219": {
    "Position": "-77.0:61.0:-8.0",
    "Neighbours": {
      "220": 4.12,
      "337": 8.0,
      "217": 8.25
    }
  },
  "220": {
    "Position": "-76.0:61.0:-12.0",
    "Neighbours": {
      "215": 3.16,
      "219": 4.12
    }
  },
  "221": {
    "Position": "-90.0:22.0:-16.0",
    "Neighbours": {
      "223": 5.1,
      "309": 5.1,
      "290": 5.83,
      "222": 6.16
    }
  },
  "222": {
    "Position": "-87.0:17.0:-14.0",
    "Neighbours": {
      "310": 4.0,
      "292": 4.12,
      "290": 5.83,
      "315": 9.9,
      "316": 10.77
    }
  },
  "223": {
    "Position": "-94.0:23.0:-19.0",
    "Neighbours": {
      "221": 5.1,
      "224": 5.1,
      "247": 7.0,
      "290": 7.21
    }
  },
  "224": {
    "Position": "-99.0:23.0:-20.0",
    "Neighbours": {
      "225": 4.47,
      "223": 5.1,
      "247": 7.0,
      "248": 7.48
    }
  },
  "225": {
    "Position": "-103.0:23.0:-18.0",
    "Neighbours": {
      "226": 4.24,
      "224": 4.47,
      "248": 6.63
    }
  },
  "226": {
    "Position": "-104.0:22.0:-14.0",
    "Neighbours": {
      "227": 4.12,
      "225": 4.24,
      "248": 6.16
    }
  },
  "227": {
    "Position": "-104.0:21.0:-10.0",
    "Neighbours": {
      "226": 4.12,
      "228": 4.24,
      "239": 4.9,
      "249": 5.39
    }
  },
  "228": {
    "Position": "-105.0:20.0:-6.0",
    "Neighbours": {
      "239": 3.74,
      "227": 4.24,
      "250": 4.69,
      "229": 5.39
    }
  },
  "229": {
    "Position": "-107.0:20.0:-1.0",
    "Neighbours": {
      "251": 4.12,
      "236": 4.36,
      "228": 5.39,
      "230": 5.48
    }
  },
  "230": {
    "Position": "-112.0:21.0:1.0",
    "Neighbours": {
      "237": 3.74,
      "231": 4.24,
      "229": 5.48
    }
  },
  "231": {
    "Position": "-116.0:22.0:-0.0",
    "Neighbours": {
      "230": 4.24,
      "283": 5.39,
      "282": 6.0,
      "232": 7.21
    }
  },
  "232": {
    "Position": "-122.0:22.0:-4.0",
    "Neighbours": {
      "233": 4.0,
      "282": 4.0,
      "231": 7.21,
      "283": 8.06
    }
  },
  "233": {
    "Position": "-126.0:22.0:-4.0",
    "Neighbours": {
      "232": 4.0,
      "281": 4.12,
      "234": 5.0
    }
  },
  "234": {
    "Position": "-131.0:22.0:-4.0",
    "Neighbours": {
      "235": 3.61,
      "233": 5.0
    }
  },
  "235": {
    "Position": "-134.0:22.0:-2.0",
    "Neighbours": {
      "151": 3.16,
      "234": 3.61
    }
  },
  "236": {
    "Position": "-110.0:19.0:-4.0",
    "Neighbours": {
      "253": 2.83,
      "238": 3.46,
      "229": 4.36,
      "237": 4.36
    }
  },
  "237": {
    "Position": "-113.0:18.0:-1.0",
    "Neighbours": {
      "253": 3.32,
      "236": 4.36,
      "238": 5.2
    }
  },
  "238": {
    "Position": "-112.0:17.0:-6.0",
    "Neighbours": {
      "237": 5.2,
      "239": 6.32
    }
  },
  "239": {
    "Position": "-106.0:17.0:-8.0",
    "Neighbours": {
      "249": 5.0,
      "240": 5.1,
      "238": 6.32,
      "253": 7.21
    }
  },
  "240": {
    "Position": "-107.0:17.0:-13.0",
    "Neighbours": {
      "241": 4.0,
      "239": 5.1,
      "254": 6.0
    }
  },
  "241": {
    "Position": "-107.0:17.0:-17.0",
    "Neighbours": {
      "240": 4.0,
      "256": 4.47,
      "248": 6.08,
      "242": 7.0,
      "243": 18.03
    }
  },
  "242": {
    "Position": "-114.0:17.0:-17.0",
    "Neighbours": {
      "241": 7.0,
      "256": 9.85,
      "243": 17.03,
      "244": 20.81
    }
  },
  "243": {
    "Position": "-113.0:17.0:-34.0",
    "Neighbours": {
      "244": 11.0,
      "256": 15.26,
      "242": 17.03,
      "241": 18.03
    }
  },
  "244": {
    "Position": "-102.0:17.0:-34.0",
    "Neighbours": {
      "245": 8.54,
      "243": 11.0,
      "256": 13.34,
      "242": 20.81
    }
  },
  "245": {
    "Position": "-99.0:17.0:-26.0",
    "Neighbours": {
      "255": 3.61,
      "246": 4.47,
      "244": 8.54
    }
  },
  "246": {
    "Position": "-97.0:17.0:-22.0",
    "Neighbours": {
      "255": 4.12,
      "245": 4.47,
      "247": 5.0
    }
  },
  "247": {
    "Position": "-97.0:17.0:-17.0",
    "Neighbours": {
      "291": 4.0,
      "248": 4.12,
      "246": 5.0
    }
  },
  "248": {
    "Position": "-101.0:17.0:-16.0",
    "Neighbours": {
      "254": 3.0,
      "247": 4.12,
      "241": 6.08,
      "255": 7.0
    }
  },
  "249": {
    "Position": "-101.0:17.0:-8.0",
    "Neighbours": {
      "295": 4.12,
      "239": 5.0,
      "254": 5.0,
      "250": 5.39,
      "296": 7.21
    }
  },
  "250": {
    "Position": "-103.0:17.0:-3.0",
    "Neighbours": {
      "251": 4.47,
      "249": 5.39,
      "296": 6.08,
      "297": 6.4,
      "295": 8.49
    }
  },
  "251": {
    "Position": "-105.0:17.0:1.0",
    "Neighbours": {
      "257": 3.61,
      "250": 4.47,
      "252": 5.0,
      "297": 6.08
    }
  },
  "252": {
    "Position": "-110.0:17.0:1.0",
    "Neighbours": {
      "253": 3.0,
      "251": 5.0
    }
  },
  "253": {
    "Position": "-110.0:17.0:-2.0",
    "Neighbours": {
      "252": 3.0,
      "237": 3.32,
      "239": 7.21
    }
  },
  "254": {
    "Position": "-101.0:17.0:-13.0",
    "Neighbours": {
      "248": 3.0,
      "249": 5.0,
      "240": 6.0
    }
  },
  "255": {
    "Position": "-101.0:17.0:-23.0",
    "Neighbours": {
      "245": 3.61,
      "246": 4.12,
      "256": 4.47,
      "248": 7.0
    }
  },
  "256": {
    "Position": "-105.0:17.0:-21.0",
    "Neighbours": {
      "241": 4.47,
      "255": 4.47,
      "242": 9.85,
      "244": 13.34,
      "243": 15.26
    }
  },
  "257": {
    "Position": "-103.0:17.0:4.0",
    "Neighbours": {
      "251": 3.61,
      "258": 4.0,
      "297": 4.47
    }
  },
  "258": {
    "Position": "-103.0:17.0:8.0",
    "Neighbours": {
      "257": 4.0,
      "259": 5.83,
      "265": 6.32,
      "264": 8.25
    }
  },
  "259": {
    "Position": "-98.0:17.0:11.0",
    "Neighbours": {
      "260": 4.0,
      "262": 4.12,
      "258": 5.83,
      "264": 8.6
    }
  },
  "260": {
    "Position": "-94.0:17.0:11.0",
    "Neighbours": {
      "259": 4.0,
      "261": 8.0
    }
  },
  "261": {
    "Position": "-94.0:17.0:19.0",
    "Neighbours": {
      "262": 5.0,
      "263": 7.0,
      "266": 7.62,
      "260": 8.0
    }
  },
  "262": {
    "Position": "-97.0:17.0:15.0",
    "Neighbours": {
      "259": 4.12,
      "261": 5.0,
      "264": 8.06
    }
  },
  "263": {
    "Position": "-101.0:17.0:19.0",
    "Neighbours": {
      "264": 5.0,
      "261": 7.0,
      "267": 7.28,
      "266": 8.06
    }
  },
  "264": {
    "Position": "-105.0:17.0:16.0",
    "Neighbours": {
      "269": 4.12,
      "263": 5.0,
      "265": 7.21,
      "262": 8.06,
      "258": 8.25,
      "259": 8.6
    }
  },
  "265": {
    "Position": "-109.0:17.0:10.0",
    "Neighbours": {
      "258": 6.32,
      "264": 7.21
    }
  },
  "266": {
    "Position": "-97.0:17.0:26.0",
    "Neighbours": {
      "267": 6.0,
      "261": 7.62,
      "263": 8.06
    }
  },
  "267": {
    "Position": "-103.0:17.0:26.0",
    "Neighbours": {
      "268": 5.1,
      "266": 6.0,
      "263": 7.28
    }
  },
  "268": {
    "Position": "-107.0:18.0:23.0",
    "Neighbours": {
      "269": 3.32,
      "270": 4.36,
      "267": 5.1
    }
  },
  "269": {
    "Position": "-106.0:17.0:20.0",
    "Neighbours": {
      "268": 3.32,
      "264": 4.12,
      "270": 4.47
    }
  },
  "270": {
    "Position": "-110.0:19.0:20.0",
    "Neighbours": {
      "271": 3.61,
      "268": 4.36,
      "269": 4.47,
      "272": 4.58
    }
  },
  "271": {
    "Position": "-113.0:19.0:22.0",
    "Neighbours": {
      "270": 3.61
    }
  },
  "272": {
    "Position": "-112.0:20.0:16.0",
    "Neighbours": {
      "275": 4.24,
      "273": 4.47,
      "270": 4.58
    }
  },
  "273": {
    "Position": "-116.0:22.0:16.0",
    "Neighbours": {
      "276": 4.12,
      "272": 4.47,
      "274": 5.0
    }
  },
  "274": {
    "Position": "-116.0:22.0:21.0",
    "Neighbours": {
      "271": 4.36,
      "276": 4.69,
      "273": 5.0
    }
  },
  "275": {
    "Position": "-111.0:21.0:12.0",
    "Neighbours": {
      "272": 4.24,
      "265": 4.9
    }
  },
  "276": {
    "Position": "-119.0:24.0:18.0",
    "Neighbours": {
      "273": 4.12,
      "277": 4.36,
      "274": 4.69
    }
  },
  "277": {
    "Position": "-122.0:23.0:15.0",
    "Neighbours": {
      "276": 4.36,
      "278": 5.92
    }
  },
  "278": {
    "Position": "-125.0:22.0:10.0",
    "Neighbours": {
      "279": 4.24,
      "277": 5.92
    }
  },
  "279": {
    "Position": "-126.0:23.0:6.0",
    "Neighbours": {
      "280": 4.12,
      "278": 4.24
    }
  },
  "280": {
    "Position": "-126.0:22.0:2.0",
    "Neighbours": {
      "281": 2.24,
      "279": 4.12,
      "282": 4.47
    }
  },
  "281": {
    "Position": "-127.0:22.0:-1.2246467991473532E-16",
    "Neighbours": {
      "280": 2.24,
      "233": 4.12
    }
  },
  "282": {
    "Position": "-122.0:22.0:0.0",
    "Neighbours": {
      "232": 4.0,
      "280": 4.47,
      "231": 6.0,
      "283": 9.43
    }
  },
  "283": {
    "Position": "-114.0:22.0:-5.0",
    "Neighbours": {
      "231": 5.39,
      "238": 5.48,
      "232": 8.06,
      "282": 9.43
    }
  },
  "284": {
    "Position": "-12.0:100.0:38.0",
    "Neighbours": {
      "285": 3.0,
      "85": 8.94,
      "86": 8.94
    }
  },
  "285": {
    "Position": "-12.0:100.0:41.0",
    "Neighbours": {
      "284": 3.0,
      "286": 10.63
    }
  },
  "286": {
    "Position": "-10.0:90.0:44.0",
    "Neighbours": {
      "134": 8.6
    }
  },
  "287": {
    "Position": "0.0:104.0:-47.0",
    "Neighbours": {
      "76": 4.0,
      "112": 17.15
    }
  },
  "288": {
    "Position": "-5.0:23.0:98.0",
    "Name": "Hoppity",
    "Tags": [
      "hoppity"
    ],
    "Neighbours": {
      "666": 3.16,
      "289": 5.1,
      "667": 5.1,
      "665": 6.4,
      "712": 7.62
    }
  },
  "289": {
    "Position": "-1.0:24.0:101.0",
    "Name": "Mushroom Finish",
    "Tags": [
      "race"
    ],
    "Neighbours": {
      "288": 5.1,
      "711": 5.1,
      "714": 6.4,
      "712": 6.78,
      "667": 8.6,
      "665": 9.11
    }
  },
  "290": {
    "Position": "-90.0:17.0:-19.0",
    "Neighbours": {
      "291": 3.61,
      "222": 5.83,
      "315": 10.2,
      "316": 15.81
    }
  },
  "291": {
    "Position": "-93.0:17.0:-17.0",
    "Neighbours": {
      "292": 2.83,
      "290": 3.61,
      "247": 4.0
    }
  },
  "292": {
    "Position": "-91.0:17.0:-15.0",
    "Neighbours": {
      "291": 2.83,
      "222": 4.12,
      "293": 5.0
    }
  },
  "293": {
    "Position": "-91.0:17.0:-10.0",
    "Neighbours": {
      "294": 3.16,
      "310": 4.0,
      "312": 4.0,
      "292": 5.0
    }
  },
  "294": {
    "Position": "-94.0:17.0:-9.0",
    "Neighbours": {
      "295": 3.0,
      "293": 3.16,
      "309": 7.35
    }
  },
  "295": {
    "Position": "-97.0:17.0:-9.0",
    "Neighbours": {
      "294": 3.0,
      "249": 4.12,
      "296": 7.0,
      "250": 8.49
    }
  },
  "296": {
    "Position": "-97.0:17.0:-2.0",
    "Neighbours": {
      "307": 3.32,
      "297": 4.47,
      "250": 6.08,
      "295": 7.0,
      "249": 7.21
    }
  },
  "297": {
    "Position": "-99.0:17.0:2.0",
    "Neighbours": {
      "257": 4.47,
      "296": 4.47,
      "299": 5.0,
      "251": 6.08,
      "250": 6.4
    }
  },
  "298": {
    "Position": "-92.0:17.0:4.0",
    "Neighbours": {
      "299": 2.83,
      "300": 4.0,
      "301": 4.0,
      "314": 4.47
    }
  },
  "299": {
    "Position": "-94.0:17.0:2.0",
    "Neighbours": {
      "298": 2.83,
      "307": 3.16,
      "297": 5.0
    }
  },
  "300": {
    "Position": "-92.0:17.0:8.0",
    "Neighbours": {
      "298": 4.0
    }
  },
  "301": {
    "Position": "-92.0:21.0:4.0",
    "Neighbours": {
      "302": 3.16,
      "298": 4.0,
      "318": 5.48
    }
  },
  "302": {
    "Position": "-89.0:21.0:3.0",
    "Neighbours": {
      "301": 3.16,
      "303": 3.16,
      "305": 5.1
    }
  },
  "303": {
    "Position": "-86.0:21.0:4.0",
    "Neighbours": {
      "302": 3.16,
      "322": 3.74,
      "304": 4.0
    }
  },
  "304": {
    "Position": "-86.0:17.0:4.0",
    "Neighbours": {
      "303": 4.0,
      "313": 4.12,
      "317": 5.83
    }
  },
  "305": {
    "Position": "-90.0:21.0:-2.0",
    "Neighbours": {
      "306": 3.74,
      "314": 4.47,
      "302": 5.1,
      "308": 5.1
    }
  },
  "306": {
    "Position": "-93.0:20.0:-4.0",
    "Neighbours": {
      "305": 3.74,
      "307": 3.74
    }
  },
  "307": {
    "Position": "-94.0:18.0:-1.0",
    "Neighbours": {
      "299": 3.16,
      "296": 3.32,
      "306": 3.74
    }
  },
  "308": {
    "Position": "-89.0:21.0:-7.0",
    "Neighbours": {
      "309": 4.12,
      "312": 4.58,
      "305": 5.1,
      "311": 5.39
    }
  },
  "309": {
    "Position": "-89.0:22.0:-11.0",
    "Neighbours": {
      "308": 4.12,
      "221": 5.1,
      "293": 5.48,
      "294": 7.35
    }
  },
  "310": {
    "Position": "-87.0:17.0:-10.0",
    "Neighbours": {
      "222": 4.0,
      "293": 4.0,
      "311": 6.0,
      "316": 10.0,
      "317": 12.53
    }
  },
  "311": {
    "Position": "-87.0:17.0:-4.0",
    "Neighbours": {
      "313": 4.0,
      "312": 4.47,
      "310": 6.0,
      "317": 7.81,
      "316": 11.66
    }
  },
  "312": {
    "Position": "-91.0:17.0:-6.0",
    "Neighbours": {
      "293": 4.0,
      "311": 4.47
    }
  },
  "313": {
    "Position": "-87.0:17.0:-0.0",
    "Neighbours": {
      "314": 3.0,
      "311": 4.0,
      "304": 4.12,
      "317": 6.08,
      "316": 14.14
    }
  },
  "314": {
    "Position": "-90.0:17.0:1.2246467991473532E-16",
    "Neighbours": {
      "313": 3.0,
      "298": 4.47
    }
  },
  "315": {
    "Position": "-80.0:17.0:-21.0",
    "Neighbours": {
      "222": 9.9,
      "290": 10.2,
      "316": 11.4
    }
  },
  "316": {
    "Position": "-77.0:17.0:-10.0",
    "Neighbours": {
      "327": 9.0,
      "310": 10.0,
      "222": 10.77,
      "315": 11.4,
      "311": 11.66,
      "317": 11.7,
      "313": 14.14,
      "290": 15.81
    }
  },
  "317": {
    "Position": "-81.0:17.0:1.0",
    "Neighbours": {
      "304": 5.83,
      "313": 6.08,
      "311": 7.81,
      "316": 11.7,
      "310": 12.53
    }
  },
  "318": {
    "Position": "-94.0:22.0:9.0",
    "Neighbours": {
      "260": 5.39,
      "301": 5.48,
      "319": 5.48
    }
  },
  "319": {
    "Position": "-96.0:21.0:14.0",
    "Neighbours": {
      "262": 4.24,
      "320": 5.1,
      "318": 5.48
    }
  },
  "320": {
    "Position": "-99.0:22.0:18.0",
    "Neighbours": {
      "319": 5.1,
      "321": 5.48,
      "263": 5.48
    }
  },
  "321": {
    "Position": "-104.0:21.0:20.0",
    "Neighbours": {
      "320": 5.48,
      "264": 5.74,
      "270": 6.32
    }
  },
  "322": {
    "Position": "-83.0:22.0:6.0",
    "Neighbours": {
      "323": 3.16,
      "303": 3.74
    }
  },
  "323": {
    "Position": "-80.0:22.0:7.0",
    "Neighbours": {
      "322": 3.16,
      "324": 4.36
    }
  },
  "324": {
    "Position": "-77.0:23.0:4.0",
    "Neighbours": {
      "323": 4.36,
      "325": 5.0,
      "317": 7.81
    }
  },
  "325": {
    "Position": "-77.0:23.0:-1.0",
    "Neighbours": {
      "324": 5.0
    }
  },
  "326": {
    "Position": "-76.0:26.0:-4.0",
    "Neighbours": {
      "325": 4.36,
      "327": 6.08,
      "328": 7.0
    }
  },
  "327": {
    "Position": "-77.0:26.0:-10.0",
    "Neighbours": {
      "326": 6.08,
      "316": 9.0
    }
  },
  "328": {
    "Position": "-76.0:33.0:-4.0",
    "Neighbours": {
      "329": 6.08,
      "326": 7.0
    }
  },
  "329": {
    "Position": "-75.0:33.0:2.0",
    "Neighbours": {
      "330": 5.0,
      "328": 6.08
    }
  },
  "330": {
    "Position": "-75.0:38.0:2.0",
    "Neighbours": {
      "329": 5.0,
      "331": 5.1,
      "332": 9.49,
      "324": 15.26
    }
  },
  "331": {
    "Position": "-74.0:38.0:7.0",
    "Neighbours": {
      "330": 5.1,
      "332": 5.66,
      "333": 7.0
    }
  },
  "332": {
    "Position": "-78.0:38.0:11.0",
    "Neighbours": {
      "331": 5.66,
      "330": 9.49
    }
  },
  "333": {
    "Position": "-74.0:45.0:7.0",
    "Neighbours": {
      "334": 4.47,
      "331": 7.0
    }
  },
  "334": {
    "Position": "-76.0:45.0:3.0",
    "Neighbours": {
      "333": 4.47,
      "335": 8.0
    }
  },
  "335": {
    "Position": "-76.0:53.0:3.0",
    "Neighbours": {
      "336": 3.16,
      "334": 8.0
    }
  },
  "336": {
    "Position": "-77.0:53.0:0.0",
    "Neighbours": {
      "335": 3.16,
      "337": 8.0
    }
  },
  "337": {
    "Position": "-77.0:53.0:-8.0",
    "Neighbours": {
      "219": 8.0,
      "336": 8.0
    }
  },
  "338": {
    "Position": "-0.0:109.0:-0.0",
    "Name": "Hoppity",
    "Tags": [
      "hoppity"
    ],
    "Neighbours": {
      "61": 9.22,
      "62": 9.22,
      "68": 9.22,
      "69": 9.22
    }
  },
  "339": {
    "Position": "9.0:65.0:3.0",
    "Neighbours": {
      "340": 6.0,
      "341": 8.54,
      "344": 9.9
    }
  },
  "340": {
    "Position": "9.0:65.0:-3.0",
    "Neighbours": {
      "339": 6.0
    }
  },
  "341": {
    "Position": "12.0:65.0:-5.0",
    "Neighbours": {
      "339": 8.54,
      "163": 8.6
    }
  },
  "342": {
    "Position": "11.0:60.0:-7.0",
    "Neighbours": {
      "343": 4.9,
      "163": 6.32
    }
  },
  "343": {
    "Position": "9.0:58.0:-3.0",
    "Neighbours": {
      "342": 4.9,
      "344": 6.71
    }
  },
  "344": {
    "Position": "5.0:56.0:2.0",
    "Neighbours": {
      "352": 5.1,
      "345": 6.48,
      "343": 6.71
    }
  },
  "345": {
    "Position": "1.0:55.0:7.0",
    "Neighbours": {
      "352": 4.0,
      "354": 5.1,
      "356": 5.39,
      "344": 6.48
    }
  },
  "346": {
    "Position": "1.0000000000000002:56.0:16.0",
    "Neighbours": {
      "354": 4.0,
      "347": 6.16
    }
  },
  "347": {
    "Position": "0.0:57.0:22.0",
    "Neighbours": {
      "346": 6.16,
      "348": 6.71
    }
  },
  "348": {
    "Position": "-5.0:59.0:26.0",
    "Neighbours": {
      "349": 6.16,
      "347": 6.71
    }
  },
  "349": {
    "Position": "-11.0:60.0:25.0",
    "Neighbours": {
      "348": 6.16,
      "350": 7.35
    }
  },
  "350": {
    "Position": "-16.0:62.0:20.0",
    "Neighbours": {
      "349": 7.35,
      "351": 9.7
    }
  },
  "351": {
    "Position": "-23.0:65.0:14.0",
    "Neighbours": {
      "191": 5.2,
      "350": 9.7
    }
  },
  "352": {
    "Position": "5.0:55.0:7.0",
    "Neighbours": {
      "345": 4.0,
      "344": 5.1
    }
  },
  "353": {
    "Position": "5.0:55.0:12.0",
    "Neighbours": {
      "354": 4.12,
      "355": 11.0
    }
  },
  "354": {
    "Position": "0.9999999999999998:56.0:12.0",
    "Neighbours": {
      "346": 4.0,
      "353": 4.12,
      "345": 5.1
    }
  },
  "355": {
    "Position": "5.0:44.0:12.0",
    "Neighbours": {
      "390": 6.08,
      "389": 8.6,
      "353": 11.0
    }
  },
  "356": {
    "Position": "-4.0:55.0:5.0",
    "Neighbours": {
      "699": 5.1,
      "345": 5.39,
      "357": 8.31
    }
  },
  "357": {
    "Position": "-11.0:53.0:1.0",
    "Neighbours": {
      "699": 4.58,
      "356": 8.31,
      "358": 8.83,
      "764": 9.7
    }
  },
  "358": {
    "Position": "-18.0:51.0:-4.0",
    "Neighbours": {
      "764": 2.83,
      "391": 5.0,
      "359": 6.4,
      "357": 8.83
    }
  },
  "359": {
    "Position": "-23.0:51.0:-8.0",
    "Neighbours": {
      "360": 5.66,
      "391": 5.83,
      "358": 6.4,
      "764": 6.71
    }
  },
  "360": {
    "Position": "-27.0:51.0:-12.0",
    "Neighbours": {
      "696": 4.12,
      "392": 4.9,
      "394": 5.39,
      "359": 5.66,
      "361": 6.48
    }
  },
  "361": {
    "Position": "-23.0:52.0:-17.0",
    "Neighbours": {
      "364": 3.16,
      "365": 6.16,
      "360": 6.48
    }
  },
  "362": {
    "Position": "-17.0:53.0:-28.0",
    "Neighbours": {
      "369": 5.1,
      "367": 5.2,
      "363": 6.16,
      "175": 7.21
    }
  },
  "363": {
    "Position": "-20.0:51.0:-23.0",
    "Neighbours": {
      "364": 3.74,
      "367": 4.12,
      "362": 6.16
    }
  },
  "364": {
    "Position": "-22.0:52.0:-20.0",
    "Neighbours": {
      "361": 3.16,
      "363": 3.74
    }
  },
  "365": {
    "Position": "-17.0:53.0:-16.0",
    "Neighbours": {
      "366": 5.74,
      "361": 6.16
    }
  },
  "366": {
    "Position": "-13.0:54.0:-20.0",
    "Neighbours": {
      "367": 4.69,
      "365": 5.74,
      "368": 7.28
    }
  },
  "367": {
    "Position": "-16.0:52.0:-23.0",
    "Neighbours": {
      "363": 4.12,
      "366": 4.69,
      "362": 5.2
    }
  },
  "368": {
    "Position": "-7.0:53.0:-24.0",
    "Neighbours": {
      "370": 6.4,
      "366": 7.28
    }
  },
  "369": {
    "Position": "-18.0:53.0:-33.0",
    "Neighbours": {
      "175": 5.1,
      "362": 5.1
    }
  },
  "370": {
    "Position": "-3.0:53.0:-29.0",
    "Neighbours": {
      "371": 5.1,
      "368": 6.4
    }
  },
  "371": {
    "Position": "-1.9999999999999998:53.0:-34.0",
    "Neighbours": {
      "372": 4.12,
      "370": 5.1
    }
  },
  "372": {
    "Position": "-2.0:54.0:-38.0",
    "Neighbours": {
      "371": 4.12,
      "373": 4.24
    }
  },
  "373": {
    "Position": "-3.0:55.0:-42.0",
    "Neighbours": {
      "372": 4.24,
      "374": 4.24
    }
  },
  "374": {
    "Position": "-4.0:56.0:-46.0",
    "Neighbours": {
      "375": 3.61,
      "373": 4.24
    }
  },
  "375": {
    "Position": "-2.0:56.0:-49.0",
    "Neighbours": {
      "376": 3.16,
      "374": 3.61
    }
  },
  "376": {
    "Position": "1.0:56.0:-50.0",
    "Neighbours": {
      "375": 3.16,
      "377": 4.0
    }
  },
  "377": {
    "Position": "5.0:56.0:-50.0",
    "Neighbours": {
      "376": 4.0,
      "378": 4.12
    }
  },
  "378": {
    "Position": "9.0:57.0:-50.0",
    "Neighbours": {
      "377": 4.12,
      "379": 4.36
    }
  },
  "379": {
    "Position": "12.0:56.0:-47.0",
    "Neighbours": {
      "378": 4.36,
      "380": 5.1
    }
  },
  "380": {
    "Position": "15.0:55.0:-43.0",
    "Neighbours": {
      "381": 4.12,
      "379": 5.1
    }
  },
  "381": {
    "Position": "16.0:55.0:-39.0",
    "Neighbours": {
      "380": 4.12,
      "382": 4.58
    }
  },
  "382": {
    "Position": "14.0:54.0:-35.0",
    "Neighbours": {
      "381": 4.58,
      "383": 5.1
    }
  },
  "383": {
    "Position": "11.0:53.0:-31.0",
    "Neighbours": {
      "384": 3.32,
      "382": 5.1
    }
  },
  "384": {
    "Position": "10.0:52.0:-28.0",
    "Neighbours": {
      "383": 3.32,
      "385": 5.39
    }
  },
  "385": {
    "Position": "8.0:52.0:-23.0",
    "Neighbours": {
      "384": 5.39,
      "386": 7.07
    }
  },
  "386": {
    "Position": "8.0:51.0:-16.0",
    "Neighbours": {
      "385": 7.07,
      "387": 7.28
    }
  },
  "387": {
    "Position": "8.0:49.0:-9.0",
    "Neighbours": {
      "386": 7.28,
      "388": 7.68
    }
  },
  "388": {
    "Position": "9.0:46.0:-2.0",
    "Neighbours": {
      "389": 7.35,
      "387": 7.68
    }
  },
  "389": {
    "Position": "10.0:44.0:5.0",
    "Neighbours": {
      "388": 7.35,
      "390": 8.06,
      "355": 8.6
    }
  },
  "390": {
    "Position": "11.0:44.0:13.0",
    "Neighbours": {
      "355": 6.08,
      "389": 8.06
    }
  },
  "391": {
    "Position": "-18.0:48.0:-8.0",
    "Neighbours": {
      "399": 5.83,
      "398": 6.08,
      "400": 6.08,
      "392": 9.27
    }
  },
  "392": {
    "Position": "-25.0:47.0:-14.0",
    "Neighbours": {
      "393": 5.83,
      "398": 7.0,
      "391": 9.27
    }
  },
  "393": {
    "Position": "-30.0:47.0:-17.0",
    "Neighbours": {
      "395": 5.66,
      "392": 5.83
    }
  },
  "394": {
    "Position": "-32.0:51.0:-14.0",
    "Neighbours": {
      "696": 3.16,
      "412": 4.58,
      "360": 5.39,
      "393": 5.39
    }
  },
  "395": {
    "Position": "-26.0:47.0:-21.0",
    "Neighbours": {
      "396": 5.0,
      "393": 5.66
    }
  },
  "396": {
    "Position": "-21.0:47.0:-21.0",
    "Neighbours": {
      "397": 3.61,
      "395": 5.0
    }
  },
  "397": {
    "Position": "-18.0:47.0:-19.0",
    "Neighbours": {
      "396": 3.61,
      "398": 5.0
    }
  },
  "398": {
    "Position": "-18.0:47.0:-14.0",
    "Neighbours": {
      "397": 5.0,
      "399": 5.92,
      "391": 6.08,
      "392": 7.0
    }
  },
  "399": {
    "Position": "-13.0:48.0:-11.0",
    "Neighbours": {
      "400": 4.12,
      "391": 5.83,
      "398": 5.92,
      "401": 6.4
    }
  },
  "400": {
    "Position": "-12.0:48.0:-7.0",
    "Neighbours": {
      "399": 4.12,
      "391": 6.08
    }
  },
  "401": {
    "Position": "-9.0:48.0:-16.0",
    "Neighbours": {
      "399": 6.4,
      "402": 8.54
    }
  },
  "402": {
    "Position": "-3.0:47.0:-22.0",
    "Neighbours": {
      "401": 8.54,
      "403": 8.94
    }
  },
  "403": {
    "Position": "5.0:47.0:-26.0",
    "Neighbours": {
      "411": 7.87,
      "404": 8.12,
      "402": 8.94
    }
  },
  "404": {
    "Position": "9.0:46.0:-33.0",
    "Neighbours": {
      "405": 7.62,
      "403": 8.12
    }
  },
  "405": {
    "Position": "12.0:46.0:-40.0",
    "Neighbours": {
      "406": 6.0,
      "404": 7.62
    }
  },
  "406": {
    "Position": "12.0:46.0:-46.0",
    "Neighbours": {
      "407": 4.47,
      "405": 6.0
    }
  },
  "407": {
    "Position": "8.0:46.0:-48.0",
    "Neighbours": {
      "406": 4.47,
      "408": 6.0
    }
  },
  "408": {
    "Position": "2.0:46.0:-48.0",
    "Neighbours": {
      "409": 5.0,
      "407": 6.0
    }
  },
  "409": {
    "Position": "-2.0:46.0:-45.0",
    "Neighbours": {
      "408": 5.0,
      "410": 7.0
    }
  },
  "410": {
    "Position": "-2.0:46.0:-38.0",
    "Neighbours": {
      "411": 6.32,
      "409": 7.0
    }
  },
  "411": {
    "Position": "0.0:46.0:-32.0",
    "Neighbours": {
      "410": 6.32,
      "403": 7.87
    }
  },
  "412": {
    "Position": "-36.0:52.0:-16.0",
    "Neighbours": {
      "413": 3.0,
      "394": 4.58
    }
  },
  "413": {
    "Position": "-39.0:52.0:-16.0",
    "Neighbours": {
      "412": 3.0,
      "414": 5.2
    }
  },
  "414": {
    "Position": "-44.0:53.0:-17.0",
    "Neighbours": {
      "413": 5.2,
      "415": 7.28
    }
  },
  "415": {
    "Position": "-50.0:54.0:-13.0",
    "Neighbours": {
      "416": 5.0,
      "414": 7.28
    }
  },
  "416": {
    "Position": "-50.0:54.0:-8.0",
    "Neighbours": {
      "417": 2.24,
      "418": 3.0,
      "415": 5.0
    }
  },
  "417": {
    "Position": "-48.0:54.0:-7.0",
    "Neighbours": {
      "416": 2.24,
      "420": 6.0,
      "419": 7.81
    }
  },
  "418": {
    "Position": "-53.0:54.0:-8.0",
    "Neighbours": {
      "416": 3.0,
      "419": 7.0
    }
  },
  "419": {
    "Position": "-53.0:54.0:-1.0",
    "Neighbours": {
      "420": 5.0,
      "418": 7.0,
      "423": 7.48,
      "417": 7.81
    }
  },
  "420": {
    "Position": "-48.0:54.0:-1.0",
    "Neighbours": {
      "419": 5.0,
      "417": 6.0,
      "421": 6.0,
      "423": 6.4
    }
  },
  "421": {
    "Position": "-42.0:54.0:-1.0000000000000002",
    "Neighbours": {
      "420": 6.0,
      "422": 6.0
    }
  },
  "422": {
    "Position": "-36.0:54.0:-1.0",
    "Neighbours": {
      "421": 6.0,
      "189": 7.28
    }
  },
  "423": {
    "Position": "-49.0:52.0:5.0",
    "Neighbours": {
      "420": 6.4,
      "424": 6.63,
      "419": 7.48
    }
  },
  "424": {
    "Position": "-47.0:50.0:11.0",
    "Neighbours": {
      "423": 6.63,
      "425": 9.11
    }
  },
  "425": {
    "Position": "-42.0:47.0:18.0",
    "Neighbours": {
      "426": 7.35,
      "424": 9.11
    }
  },
  "426": {
    "Position": "-36.0:44.0:21.0",
    "Neighbours": {
      "425": 7.35,
      "427": 7.87
    }
  },
  "427": {
    "Position": "-29.0:42.0:24.0",
    "Neighbours": {
      "428": 6.08,
      "426": 7.87
    }
  },
  "428": {
    "Position": "-23.0:41.0:24.0",
    "Neighbours": {
      "429": 6.0,
      "427": 6.08
    }
  },
  "429": {
    "Position": "-19.0:37.0:22.0",
    "Neighbours": {
      "430": 3.74,
      "428": 6.0
    }
  },
  "430": {
    "Position": "-18.0:35.0:19.0",
    "Neighbours": {
      "429": 3.74,
      "432": 4.0,
      "431": 5.39
    }
  },
  "431": {
    "Position": "-21.0:33.0:15.0",
    "Neighbours": {
      "432": 3.61,
      "430": 5.39,
      "697": 6.08
    }
  },
  "432": {
    "Position": "-18.0:35.0:15.0",
    "Neighbours": {
      "431": 3.61,
      "430": 4.0,
      "433": 9.0
    }
  },
  "433": {
    "Position": "-14.0:28.0:11.0",
    "Neighbours": {
      "763": 3.0,
      "434": 8.54
    }
  },
  "434": {
    "Position": "-6.0:25.0:11.0",
    "Neighbours": {
      "435": 7.87
    }
  },
  "435": {
    "Position": "1.0:23.0:14.0",
    "Neighbours": {
      "585": 4.58
    }
  },
  "436": {
    "Position": "4.0:26.0:9.0",
    "Neighbours": {
      "437": 6.32,
      "435": 6.56
    }
  },
  "437": {
    "Position": "4.0:28.0:3.0",
    "Neighbours": {
      "436": 6.32,
      "438": 6.71
    }
  },
  "438": {
    "Position": "4.0:31.0:-3.0",
    "Neighbours": {
      "437": 6.71,
      "439": 7.28
    }
  },
  "439": {
    "Position": "2.0:31.0:-10.0",
    "Neighbours": {
      "438": 7.28,
      "440": 7.28
    }
  },
  "440": {
    "Position": "-2.0:30.0:-16.0",
    "Neighbours": {
      "441": 5.39,
      "439": 7.28
    }
  },
  "441": {
    "Position": "-7.0:30.0:-18.0",
    "Neighbours": {
      "448": 2.45,
      "440": 5.39,
      "442": 7.07,
      "446": 7.07
    }
  },
  "442": {
    "Position": "-8.0:30.0:-25.0",
    "Neighbours": {
      "444": 4.12,
      "443": 4.58,
      "453": 5.83,
      "441": 7.07
    }
  },
  "443": {
    "Position": "-12.0:31.0:-27.0",
    "Neighbours": {
      "456": 2.24,
      "444": 3.74,
      "442": 4.58,
      "452": 8.12
    }
  },
  "444": {
    "Position": "-9.0:30.0:-29.0",
    "Neighbours": {
      "443": 3.74,
      "442": 4.12,
      "445": 5.0
    }
  },
  "445": {
    "Position": "-9.0:25.0:-29.0",
    "Neighbours": {
      "444": 5.0,
      "541": 6.08
    }
  },
  "446": {
    "Position": "-14.0:31.0:-18.0",
    "Neighbours": {
      "447": 6.08,
      "450": 6.48,
      "452": 6.71,
      "441": 7.07,
      "453": 7.07
    }
  },
  "447": {
    "Position": "-20.0:31.0:-19.0",
    "Neighbours": {
      "542": 5.2,
      "446": 6.08,
      "451": 6.48,
      "452": 7.07
    }
  },
  "448": {
    "Position": "-8.0:29.0:-16.0",
    "Neighbours": {
      "441": 2.45,
      "449": 2.83,
      "450": 6.16
    }
  },
  "449": {
    "Position": "-8.0:27.0:-14.0",
    "Neighbours": {
      "448": 2.83,
      "450": 5.1
    }
  },
  "450": {
    "Position": "-13.0:26.0:-14.0",
    "Neighbours": {
      "455": 4.24,
      "449": 5.1,
      "451": 6.08,
      "453": 8.25
    }
  },
  "451": {
    "Position": "-19.0:26.0:-15.0",
    "Neighbours": {
      "455": 5.0,
      "450": 6.08,
      "452": 7.62,
      "454": 7.87
    }
  },
  "452": {
    "Position": "-16.0:26.0:-22.0",
    "Neighbours": {
      "453": 5.0,
      "451": 7.62
    }
  },
  "453": {
    "Position": "-11.0:26.0:-22.0",
    "Neighbours": {
      "452": 5.0,
      "450": 8.25
    }
  },
  "454": {
    "Position": "-24.0:25.0:-9.0",
    "Neighbours": {
      "451": 7.87,
      "455": 8.31,
      "571": 17.46
    }
  },
  "455": {
    "Position": "-16.0:26.0:-11.0",
    "Neighbours": {
      "450": 4.24,
      "451": 5.0,
      "454": 8.31
    }
  },
  "456": {
    "Position": "-13.0:31.0:-29.0",
    "Neighbours": {
      "443": 2.24,
      "457": 5.0
    }
  },
  "457": {
    "Position": "-13.0:31.0:-34.0",
    "Neighbours": {
      "456": 5.0,
      "458": 6.0
    }
  },
  "458": {
    "Position": "-13.0:31.0:-40.0",
    "Neighbours": {
      "459": 3.61,
      "457": 6.0
    }
  },
  "459": {
    "Position": "-15.0:31.0:-43.0",
    "Neighbours": {
      "458": 3.61,
      "460": 7.28
    }
  },
  "460": {
    "Position": "-16.0:27.0:-49.0",
    "Neighbours": {
      "461": 5.2,
      "539": 6.0
    }
  },
  "461": {
    "Position": "-17.0:28.0:-54.0",
    "Neighbours": {
      "462": 5.0,
      "460": 5.2
    }
  },
  "462": {
    "Position": "-14.0:28.0:-58.0",
    "Neighbours": {
      "461": 5.0,
      "463": 6.16,
      "534": 6.32
    }
  },
  "463": {
    "Position": "-8.0:29.0:-57.0",
    "Neighbours": {
      "462": 6.16,
      "464": 6.4
    }
  },
  "464": {
    "Position": "-3.0:29.0:-61.0",
    "Neighbours": {
      "465": 3.16,
      "463": 6.4
    }
  },
  "465": {
    "Position": "-0.0:29.0:-60.0",
    "Neighbours": {
      "464": 3.16,
      "466": 4.47
    }
  },
  "466": {
    "Position": "4.0:29.0:-62.0",
    "Neighbours": {
      "467": 3.0,
      "465": 4.47
    }
  },
  "467": {
    "Position": "4.0:29.0:-65.0",
    "Neighbours": {
      "466": 3.0,
      "468": 4.12
    }
  },
  "468": {
    "Position": "3.0:29.0:-69.0",
    "Neighbours": {
      "469": 3.16,
      "467": 4.12
    }
  },
  "469": {
    "Position": "1.8369701987210297E-16:29.0:-70.0",
    "Neighbours": {
      "468": 3.16,
      "470": 5.83
    }
  },
  "470": {
    "Position": "-5.0:29.0:-73.0",
    "Neighbours": {
      "469": 5.83,
      "471": 6.4
    }
  },
  "471": {
    "Position": "-10.0:29.0:-77.0",
    "Neighbours": {
      "472": 3.61,
      "470": 6.4
    }
  },
  "472": {
    "Position": "-8.0:29.0:-80.0",
    "Neighbours": {
      "471": 3.61,
      "473": 4.36
    }
  },
  "473": {
    "Position": "-5.0:30.0:-83.0",
    "Neighbours": {
      "474": 2.24,
      "472": 4.36
    }
  },
  "474": {
    "Position": "-3.0:30.0:-84.0",
    "Neighbours": {
      "473": 2.24,
      "475": 5.1
    }
  },
  "475": {
    "Position": "2.0:30.0:-85.0",
    "Neighbours": {
      "474": 5.1,
      "476": 5.83
    }
  },
  "476": {
    "Position": "7.0:30.0:-82.0",
    "Neighbours": {
      "477": 5.0,
      "475": 5.83
    }
  },
  "477": {
    "Position": "11.0:30.0:-79.0",
    "Neighbours": {
      "476": 5.0,
      "478": 6.78
    }
  },
  "478": {
    "Position": "14.0:29.0:-73.0",
    "Neighbours": {
      "477": 6.78,
      "479": 7.35
    }
  },
  "479": {
    "Position": "17.0:26.0:-67.0",
    "Neighbours": {
      "480": 4.47,
      "520": 6.0,
      "478": 7.35
    }
  },
  "480": {
    "Position": "15.0:26.0:-63.0",
    "Neighbours": {
      "479": 4.47,
      "481": 4.58
    }
  },
  "481": {
    "Position": "13.0:25.0:-59.0",
    "Neighbours": {
      "480": 4.58,
      "482": 5.1
    }
  },
  "482": {
    "Position": "12.0:25.0:-54.0",
    "Neighbours": {
      "481": 5.1,
      "483": 7.35
    }
  },
  "483": {
    "Position": "14.0:20.0:-49.0",
    "Neighbours": {
      "485": 3.32,
      "484": 5.0
    }
  },
  "484": {
    "Position": "14.0:20.0:-44.0",
    "Neighbours": {
      "483": 5.0,
      "489": 6.0
    }
  },
  "485": {
    "Position": "17.0:19.0:-48.0",
    "Neighbours": {
      "483": 3.32,
      "486": 3.61
    }
  },
  "486": {
    "Position": "17.0:16.0:-46.0",
    "Neighbours": {
      "487": 3.32,
      "485": 3.61
    }
  },
  "487": {
    "Position": "16.0:13.0:-45.0",
    "Neighbours": {
      "486": 3.32,
      "488": 4.58
    }
  },
  "488": {
    "Position": "12.0:11.0:-44.0",
    "Neighbours": {
      "487": 4.58,
      "516": 6.32,
      "513": 9.9,
      "514": 11.22
    }
  },
  "489": {
    "Position": "14.0:20.0:-38.0",
    "Neighbours": {
      "490": 4.58,
      "484": 6.0
    }
  },
  "490": {
    "Position": "12.0:21.0:-34.0",
    "Neighbours": {
      "491": 4.47,
      "489": 4.58
    }
  },
  "491": {
    "Position": "10.0:21.0:-30.0",
    "Neighbours": {
      "490": 4.47,
      "492": 4.47
    }
  },
  "492": {
    "Position": "8.0:21.0:-26.0",
    "Neighbours": {
      "491": 4.47,
      "493": 6.0,
      "494": 8.19
    }
  },
  "493": {
    "Position": "8.0:15.0:-26.0",
    "Neighbours": {
      "494": 4.36,
      "492": 6.0
    }
  },
  "494": {
    "Position": "5.0:14.0:-23.0",
    "Neighbours": {
      "495": 2.0,
      "496": 4.12,
      "493": 4.36,
      "511": 5.0
    }
  },
  "495": {
    "Position": "5.0:14.0:-21.0",
    "Neighbours": {
      "494": 2.0,
      "507": 6.0
    }
  },
  "496": {
    "Position": "1.0000000000000002:14.0:-22.0",
    "Neighbours": {
      "497": 3.16,
      "511": 4.0,
      "494": 4.12
    }
  },
  "497": {
    "Position": "-0.0:14.0:-19.0",
    "Neighbours": {
      "496": 3.16,
      "498": 3.74
    }
  },
  "498": {
    "Position": "3.0:15.0:-17.0",
    "Neighbours": {
      "497": 3.74,
      "499": 4.47
    }
  },
  "499": {
    "Position": "7.0:15.0:-15.0",
    "Neighbours": {
      "500": 3.74,
      "498": 4.47
    }
  },
  "500": {
    "Position": "9.0:16.0:-12.0",
    "Neighbours": {
      "499": 3.74,
      "501": 6.48
    }
  },
  "501": {
    "Position": "8.0:12.0:-7.0",
    "Neighbours": {
      "502": 5.0,
      "503": 6.0,
      "506": 6.0,
      "504": 7.07
    }
  },
  "502": {
    "Position": "5.0:12.0:-3.0",
    "Name": "Crystal Finish",
    "Tags": [
      "race"
    ],
    "Neighbours": {
      "148": 2.24,
      "501": 5.0,
      "503": 5.0
    }
  },
  "503": {
    "Position": "2.0:12.0:-7.0",
    "Neighbours": {
      "502": 5.0,
      "501": 6.0,
      "505": 6.0,
      "504": 7.07
    }
  },
  "504": {
    "Position": "5.0:8.0:-12.0",
    "Neighbours": {
      "510": 4.0,
      "509": 6.4,
      "505": 7.62,
      "506": 7.62,
      "508": 8.94
    }
  },
  "505": {
    "Position": "-2.0:8.0:-9.0",
    "Neighbours": {
      "508": 7.07,
      "504": 7.62
    }
  },
  "506": {
    "Position": "12.0:8.0:-9.0",
    "Neighbours": {
      "509": 7.28,
      "504": 7.62
    }
  },
  "507": {
    "Position": "5.0:8.0:-21.0",
    "Neighbours": {
      "510": 5.0,
      "495": 6.0,
      "508": 9.43
    }
  },
  "508": {
    "Position": "-3.0:8.0:-16.0",
    "Neighbours": {
      "505": 7.07,
      "510": 8.0,
      "504": 8.94,
      "507": 9.43
    }
  },
  "509": {
    "Position": "10.0:8.0:-16.0",
    "Neighbours": {
      "510": 5.0,
      "504": 6.4,
      "506": 7.28
    }
  },
  "510": {
    "Position": "5.0:8.0:-16.0",
    "Neighbours": {
      "504": 4.0,
      "507": 5.0,
      "509": 5.0,
      "508": 8.0
    }
  },
  "511": {
    "Position": "1.0:14.0:-26.0",
    "Neighbours": {
      "496": 4.0,
      "494": 5.0,
      "512": 6.71
    }
  },
  "512": {
    "Position": "1.0:8.0:-29.0",
    "Neighbours": {
      "515": 7.21,
      "513": 9.22,
      "514": 9.22
    }
  },
  "513": {
    "Position": "7.0:8.0:-36.0",
    "Neighbours": {
      "514": 4.47,
      "512": 9.22,
      "488": 9.9,
      "516": 10.49
    }
  },
  "514": {
    "Position": "3.0:8.0:-38.0",
    "Neighbours": {
      "513": 4.47,
      "515": 6.71,
      "516": 9.06,
      "512": 9.22,
      "488": 11.22
    }
  },
  "515": {
    "Position": "-3.0:8.0:-35.0",
    "Neighbours": {
      "514": 6.71,
      "512": 7.21
    }
  },
  "516": {
    "Position": "6.0:11.0:-46.0",
    "Neighbours": {
      "488": 6.32,
      "514": 9.06,
      "517": 9.17,
      "513": 10.49
    }
  },
  "517": {
    "Position": "8.0:15.0:-54.0",
    "Neighbours": {
      "518": 6.4,
      "516": 9.17
    }
  },
  "518": {
    "Position": "9.0:17.0:-60.0",
    "Neighbours": {
      "519": 4.69,
      "517": 6.4
    }
  },
  "519": {
    "Position": "11.0:20.0:-63.0",
    "Neighbours": {
      "518": 4.69,
      "536": 5.1,
      "520": 6.63,
      "528": 7.0
    }
  },
  "520": {
    "Position": "13.0:22.0:-69.0",
    "Neighbours": {
      "521": 5.0,
      "528": 5.0,
      "519": 6.63
    }
  },
  "521": {
    "Position": "10.0:22.0:-73.0",
    "Neighbours": {
      "528": 4.47,
      "520": 5.0,
      "522": 5.83
    }
  },
  "522": {
    "Position": "7.0:22.0:-78.0",
    "Neighbours": {
      "521": 5.83,
      "523": 6.4
    }
  },
  "523": {
    "Position": "3.0:22.0:-83.0",
    "Neighbours": {
      "524": 5.1,
      "522": 6.4
    }
  },
  "524": {
    "Position": "-2.0:22.0:-82.0",
    "Neighbours": {
      "523": 5.1,
      "525": 5.66
    }
  },
  "525": {
    "Position": "-6.0:22.0:-78.0",
    "Neighbours": {
      "526": 5.0,
      "524": 5.66,
      "529": 8.06
    }
  },
  "526": {
    "Position": "-2.0:22.0:-75.0",
    "Neighbours": {
      "531": 3.16,
      "525": 5.0,
      "527": 5.83
    }
  },
  "527": {
    "Position": "3.0:22.0:-72.0",
    "Neighbours": {
      "531": 4.0,
      "526": 5.83,
      "528": 5.83
    }
  },
  "528": {
    "Position": "8.0:22.0:-69.0",
    "Neighbours": {
      "521": 4.47,
      "520": 5.0,
      "527": 5.83,
      "536": 6.4,
      "519": 7.0
    }
  },
  "529": {
    "Position": "-10.0:22.0:-71.0",
    "Neighbours": {
      "530": 5.39,
      "525": 8.06
    }
  },
  "530": {
    "Position": "-5.0:22.0:-69.0",
    "Neighbours": {
      "531": 5.0,
      "529": 5.39,
      "532": 6.71
    }
  },
  "531": {
    "Position": "-1.0:22.0:-72.0",
    "Neighbours": {
      "526": 3.16,
      "527": 4.0,
      "530": 5.0
    }
  },
  "532": {
    "Position": "-8.0:22.0:-63.0",
    "Neighbours": {
      "533": 6.4,
      "530": 6.71,
      "534": 6.71
    }
  },
  "533": {
    "Position": "-4.0:22.0:-58.0",
    "Neighbours": {
      "535": 6.08,
      "537": 6.08,
      "532": 6.4
    }
  },
  "534": {
    "Position": "-14.0:22.0:-60.0",
    "Neighbours": {
      "532": 6.71
    }
  },
  "535": {
    "Position": "2.0:21.0:-58.0",
    "Neighbours": {
      "533": 6.08,
      "536": 6.4
    }
  },
  "536": {
    "Position": "6.0:21.0:-63.0",
    "Neighbours": {
      "519": 5.1,
      "528": 6.4,
      "535": 6.4
    }
  },
  "537": {
    "Position": "-5.0:22.0:-52.0",
    "Neighbours": {
      "533": 6.08,
      "538": 7.21
    }
  },
  "538": {
    "Position": "-9.0:22.0:-46.0",
    "Neighbours": {
      "540": 4.12,
      "539": 5.2,
      "537": 7.21
    }
  },
  "539": {
    "Position": "-14.0:23.0:-45.0",
    "Neighbours": {
      "538": 5.2,
      "540": 5.83
    }
  },
  "540": {
    "Position": "-9.0:23.0:-42.0",
    "Neighbours": {
      "538": 4.12,
      "539": 5.83,
      "541": 7.07
    }
  },
  "541": {
    "Position": "-9.0:24.0:-35.0",
    "Neighbours": {
      "445": 6.08,
      "540": 7.07
    }
  },
  "542": {
    "Position": "-25.0:32.0:-20.0",
    "Neighbours": {
      "447": 5.2,
      "543": 7.07
    }
  },
  "543": {
    "Position": "-32.0:32.0:-21.0",
    "Neighbours": {
      "542": 7.07,
      "544": 7.35
    }
  },
  "544": {
    "Position": "-39.0:31.0:-23.0",
    "Neighbours": {
      "545": 7.14,
      "543": 7.35
    }
  },
  "545": {
    "Position": "-46.0:30.0:-24.0",
    "Neighbours": {
      "546": 6.16,
      "544": 7.14
    }
  },
  "546": {
    "Position": "-51.0:32.0:-21.0",
    "Neighbours": {
      "549": 3.61,
      "548": 4.12,
      "545": 6.16
    }
  },
  "547": {
    "Position": "-56.0:32.0:-16.0",
    "Neighbours": {
      "551": 3.16,
      "549": 3.61,
      "552": 3.74,
      "548": 4.12
    }
  },
  "548": {
    "Position": "-54.0:30.0:-19.0",
    "Neighbours": {
      "547": 4.12
    }
  },
  "549": {
    "Position": "-54.0:32.0:-19.0",
    "Neighbours": {
      "546": 3.61,
      "547": 3.61
    }
  },
  "550": {
    "Position": "-57.0:32.0:-11.0",
    "Neighbours": {
      "551": 2.0,
      "552": 2.83,
      "553": 4.47
    }
  },
  "551": {
    "Position": "-57.0:32.0:-13.0",
    "Neighbours": {
      "550": 2.0,
      "547": 3.16
    }
  },
  "552": {
    "Position": "-57.0:30.0:-13.0",
    "Neighbours": {
      "550": 2.83
    }
  },
  "553": {
    "Position": "-55.0:32.0:-7.0",
    "Neighbours": {
      "554": 3.16,
      "550": 4.47
    }
  },
  "554": {
    "Position": "-54.0:32.0:-4.0",
    "Neighbours": {
      "553": 3.16,
      "555": 4.58,
      "565": 18.11
    }
  },
  "555": {
    "Position": "-52.0:31.0:0.0",
    "Neighbours": {
      "554": 4.58,
      "556": 5.1
    }
  },
  "556": {
    "Position": "-48.0:32.0:3.0",
    "Neighbours": {
      "557": 4.36,
      "555": 5.1
    }
  },
  "557": {
    "Position": "-45.0:33.0:6.0",
    "Neighbours": {
      "556": 4.36,
      "558": 5.83
    }
  },
  "558": {
    "Position": "-42.0:33.0:11.0",
    "Neighbours": {
      "559": 4.47,
      "557": 5.83
    }
  },
  "559": {
    "Position": "-38.0:33.0:13.0",
    "Neighbours": {
      "558": 4.47,
      "698": 5.1,
      "560": 7.0
    }
  },
  "560": {
    "Position": "-38.0:26.0:13.0",
    "Neighbours": {
      "561": 3.0,
      "559": 7.0
    }
  },
  "561": {
    "Position": "-38.0:26.0:10.0",
    "Neighbours": {
      "560": 3.0,
      "562": 12.0
    }
  },
  "562": {
    "Position": "-38.0:14.0:10.0",
    "Neighbours": {
      "563": 6.0,
      "561": 12.0
    }
  },
  "563": {
    "Position": "-38.0:14.0:4.0",
    "Neighbours": {
      "562": 6.0,
      "570": 6.0,
      "564": 7.28,
      "571": 8.77
    }
  },
  "564": {
    "Position": "-45.0:14.0:2.0",
    "Neighbours": {
      "563": 7.28,
      "570": 8.06,
      "565": 9.22
    }
  },
  "565": {
    "Position": "-52.0:14.0:-4.0",
    "Neighbours": {
      "566": 5.83,
      "564": 9.22,
      "570": 14.14
    }
  },
  "566": {
    "Position": "-49.0:14.0:-9.0",
    "Neighbours": {
      "565": 5.83,
      "567": 6.08,
      "570": 13.04
    }
  },
  "567": {
    "Position": "-43.0:14.0:-10.0",
    "Neighbours": {
      "568": 5.1,
      "566": 6.08,
      "570": 9.43
    }
  },
  "568": {
    "Position": "-38.0:14.0:-9.0",
    "Neighbours": {
      "567": 5.1,
      "569": 5.83,
      "570": 7.0
    }
  },
  "569": {
    "Position": "-33.0:14.0:-6.0",
    "Neighbours": {
      "568": 5.83,
      "570": 6.4,
      "571": 7.87
    }
  },
  "570": {
    "Position": "-38.0:14.0:-2.0",
    "Neighbours": {
      "563": 6.0,
      "569": 6.4,
      "568": 7.0,
      "564": 8.06,
      "571": 8.77,
      "567": 9.43,
      "566": 13.04,
      "565": 14.14
    }
  },
  "571": {
    "Position": "-30.0:12.0:1.0",
    "Neighbours": {
      "569": 7.87,
      "572": 7.87,
      "563": 8.77,
      "570": 8.77
    }
  },
  "572": {
    "Position": "-23.0:10.0:4.0",
    "Neighbours": {
      "573": 7.35,
      "571": 7.87
    }
  },
  "573": {
    "Position": "-18.0:8.0:9.0",
    "Neighbours": {
      "574": 7.0,
      "572": 7.35,
      "582": 8.31,
      "583": 12.88
    }
  },
  "574": {
    "Position": "-12.0:6.0:12.0",
    "Neighbours": {
      "583": 6.71,
      "573": 7.0,
      "575": 8.06
    }
  },
  "575": {
    "Position": "-4.0:6.0:13.0",
    "Neighbours": {
      "583": 7.07,
      "576": 7.62,
      "574": 8.06,
      "584": 8.54
    }
  },
  "576": {
    "Position": "3.0:6.0:16.0",
    "Neighbours": {
      "584": 6.4,
      "577": 6.71,
      "575": 7.62,
      "583": 12.17
    }
  },
  "577": {
    "Position": "6.0:6.0:22.0",
    "Neighbours": {
      "578": 6.4,
      "576": 6.71,
      "584": 7.07
    }
  },
  "578": {
    "Position": "2.0:6.0:27.0",
    "Neighbours": {
      "579": 6.0,
      "577": 6.4,
      "584": 6.71
    }
  },
  "579": {
    "Position": "-4.0:6.0:27.0",
    "Neighbours": {
      "580": 5.39,
      "578": 6.0,
      "584": 6.71,
      "583": 10.3
    }
  },
  "580": {
    "Position": "-9.0:6.0:25.0",
    "Neighbours": {
      "579": 5.39,
      "581": 6.32,
      "583": 7.0,
      "584": 8.94
    }
  },
  "581": {
    "Position": "-15.0:6.0:23.0",
    "Neighbours": {
      "580": 6.32,
      "582": 6.32
    }
  },
  "582": {
    "Position": "-17.0:6.0:17.0",
    "Neighbours": {
      "581": 6.32,
      "583": 8.06,
      "573": 8.31
    }
  },
  "583": {
    "Position": "-9.0:6.0:18.0",
    "Neighbours": {
      "574": 6.71,
      "580": 7.0,
      "575": 7.07,
      "582": 8.06,
      "584": 8.54,
      "579": 10.3,
      "576": 12.17,
      "573": 12.88
    }
  },
  "584": {
    "Position": "-1.0:6.0:21.0",
    "Neighbours": {
      "576": 6.4,
      "578": 6.71,
      "579": 6.71,
      "577": 7.07,
      "575": 8.54,
      "583": 8.54,
      "580": 8.94
    }
  },
  "585": {
    "Position": "3.0:22.0:18.0",
    "Neighbours": {
      "435": 4.58,
      "586": 6.93
    }
  },
  "586": {
    "Position": "7.0:18.0:22.0",
    "Neighbours": {
      "588": 3.16,
      "587": 5.48
    }
  },
  "587": {
    "Position": "6.0:16.0:27.0",
    "Neighbours": {
      "589": 4.0,
      "586": 5.48
    }
  },
  "588": {
    "Position": "4.0:17.0:22.0",
    "Neighbours": {
      "586": 3.16,
      "584": 12.12
    }
  },
  "589": {
    "Position": "6.0:16.0:31.0",
    "Neighbours": {
      "591": 2.0,
      "587": 4.0,
      "590": 6.08
    }
  },
  "590": {
    "Position": "6.0:15.0:37.0",
    "Neighbours": {
      "594": 3.74,
      "614": 5.39,
      "589": 6.08
    }
  },
  "591": {
    "Position": "8.0:16.0:31.0",
    "Neighbours": {
      "589": 2.0,
      "592": 4.0
    }
  },
  "592": {
    "Position": "8.0:12.0:31.0",
    "Neighbours": {
      "591": 4.0,
      "593": 4.24,
      "594": 7.0
    }
  },
  "593": {
    "Position": "4.0:11.0:30.0",
    "Neighbours": {
      "592": 4.24,
      "578": 6.16,
      "594": 9.0
    }
  },
  "594": {
    "Position": "8.0:12.0:38.0",
    "Neighbours": {
      "615": 6.0,
      "624": 6.16,
      "592": 7.0,
      "593": 9.0
    }
  },
  "595": {
    "Position": "-16.0:12.0:29.0",
    "Neighbours": {
      "596": 2.83,
      "597": 5.0,
      "598": 8.0,
      "581": 8.54
    }
  },
  "596": {
    "Position": "-18.0:12.0:31.0",
    "Neighbours": {
      "595": 2.83,
      "599": 5.0,
      "597": 5.39,
      "598": 6.32
    }
  },
  "597": {
    "Position": "-13.0:12.0:33.0",
    "Neighbours": {
      "595": 5.0,
      "598": 5.0,
      "596": 5.39
    }
  },
  "598": {
    "Position": "-16.0:12.0:37.0",
    "Neighbours": {
      "597": 5.0,
      "596": 6.32,
      "613": 7.35,
      "595": 8.0
    }
  },
  "599": {
    "Position": "-18.0:17.0:31.0",
    "Neighbours": {
      "600": 4.0,
      "602": 4.0,
      "596": 5.0
    }
  },
  "600": {
    "Position": "-18.0:17.0:27.0",
    "Neighbours": {
      "599": 4.0,
      "601": 7.07
    }
  },
  "601": {
    "Position": "-18.0:16.0:20.0",
    "Neighbours": {
      "600": 7.07,
      "573": 13.6
    }
  },
  "602": {
    "Position": "-18.0:17.0:35.0",
    "Neighbours": {
      "603": 2.83,
      "599": 4.0
    }
  },
  "603": {
    "Position": "-16.0:17.0:37.0",
    "Neighbours": {
      "602": 2.83,
      "605": 2.83,
      "604": 4.24
    }
  },
  "604": {
    "Position": "-12.0:16.0:36.0",
    "Neighbours": {
      "603": 4.24,
      "608": 6.32
    }
  },
  "605": {
    "Position": "-18.0:17.0:39.0",
    "Neighbours": {
      "603": 2.83,
      "606": 6.32
    }
  },
  "606": {
    "Position": "-18.0:15.0:45.0",
    "Neighbours": {
      "607": 5.83,
      "605": 6.32
    }
  },
  "607": {
    "Position": "-14.0:12.0:48.0",
    "Neighbours": {
      "609": 4.9,
      "637": 5.48
    }
  },
  "608": {
    "Position": "-12.0:14.0:42.0",
    "Neighbours": {
      "609": 6.0
    }
  },
  "609": {
    "Position": "-10.0:10.0:46.0",
    "Neighbours": {
      "611": 2.83,
      "610": 4.58
    }
  },
  "610": {
    "Position": "-8.0:11.0:42.0",
    "Neighbours": {
      "609": 4.58
    }
  },
  "611": {
    "Position": "-12.0:10.0:44.0",
    "Neighbours": {
      "609": 2.83,
      "612": 4.12
    }
  },
  "612": {
    "Position": "-14.0:7.0:42.0",
    "Neighbours": {
      "613": 3.74,
      "611": 4.12
    }
  },
  "613": {
    "Position": "-15.0:5.0:39.0",
    "Neighbours": {
      "647": 3.61,
      "648": 6.4,
      "598": 7.35,
      "611": 7.68
    }
  },
  "614": {
    "Position": "9.0:13.0:41.0",
    "Neighbours": {
      "626": 3.16,
      "627": 4.24,
      "590": 5.39
    }
  },
  "615": {
    "Position": "8.0:6.0:38.0",
    "Neighbours": {
      "616": 2.83,
      "594": 6.0
    }
  },
  "616": {
    "Position": "10.0:6.0:40.0",
    "Neighbours": {
      "615": 2.83,
      "620": 5.0,
      "617": 5.1
    }
  },
  "617": {
    "Position": "5.0:6.0:41.0",
    "Neighbours": {
      "618": 5.0,
      "616": 5.1
    }
  },
  "618": {
    "Position": "5.0:6.0:46.0",
    "Neighbours": {
      "619": 4.47,
      "617": 5.0
    }
  },
  "619": {
    "Position": "7.0:6.0:50.0",
    "Neighbours": {
      "638": 3.61,
      "618": 4.47,
      "620": 5.83
    }
  },
  "620": {
    "Position": "10.0:6.0:45.0",
    "Neighbours": {
      "616": 5.0,
      "621": 5.0,
      "619": 5.83,
      "638": 7.0
    }
  },
  "621": {
    "Position": "14.0:6.0:48.0",
    "Neighbours": {
      "622": 3.0,
      "639": 3.16,
      "620": 5.0
    }
  },
  "622": {
    "Position": "13.0:8.0:50.0",
    "Neighbours": {
      "621": 3.0,
      "638": 4.12,
      "623": 5.48,
      "619": 6.32
    }
  },
  "623": {
    "Position": "14.0:10.0:45.0",
    "Neighbours": {
      "624": 4.12,
      "622": 5.48
    }
  },
  "624": {
    "Position": "13.0:10.0:41.0",
    "Neighbours": {
      "623": 4.12,
      "616": 5.1,
      "594": 6.16
    }
  },
  "625": {
    "Position": "7.0:8.0:45.0",
    "Neighbours": {
      "618": 3.0,
      "620": 3.61,
      "617": 4.9,
      "619": 5.39
    }
  },
  "626": {
    "Position": "8.0:13.0:44.0",
    "Neighbours": {
      "614": 3.16,
      "627": 4.0,
      "625": 5.2,
      "628": 6.16
    }
  },
  "627": {
    "Position": "12.0:13.0:44.0",
    "Neighbours": {
      "623": 3.74,
      "626": 4.0,
      "614": 4.24,
      "668": 4.58
    }
  },
  "628": {
    "Position": "7.0:12.0:50.0",
    "Neighbours": {
      "629": 4.24,
      "626": 6.16
    }
  },
  "629": {
    "Position": "6.0:13.0:54.0",
    "Neighbours": {
      "690": 3.32,
      "689": 3.61,
      "628": 4.24
    }
  },
  "630": {
    "Position": "1.9999999999999998:14.0:59.0",
    "Neighbours": {
      "689": 3.0,
      "688": 3.61,
      "631": 4.0,
      "673": 5.1
    }
  },
  "631": {
    "Position": "-2.0:14.0:59.0",
    "Neighbours": {
      "630": 4.0,
      "632": 4.36
    }
  },
  "632": {
    "Position": "-5.0:13.0:56.0",
    "Neighbours": {
      "633": 3.0,
      "631": 4.36,
      "636": 5.1
    }
  },
  "633": {
    "Position": "-5.0:13.0:53.0",
    "Neighbours": {
      "632": 3.0,
      "634": 4.0,
      "636": 5.39,
      "649": 6.32
    }
  },
  "634": {
    "Position": "-5.0:13.0:49.0",
    "Neighbours": {
      "633": 4.0,
      "635": 4.0,
      "609": 6.56
    }
  },
  "635": {
    "Position": "-5.0:13.0:45.0",
    "Neighbours": {
      "634": 4.0,
      "610": 4.69
    }
  },
  "636": {
    "Position": "-10.0:13.0:55.0",
    "Neighbours": {
      "637": 2.83,
      "652": 4.24,
      "632": 5.1,
      "633": 5.39
    }
  },
  "637": {
    "Position": "-12.0:13.0:53.0",
    "Neighbours": {
      "636": 2.83,
      "607": 5.48
    }
  },
  "638": {
    "Position": "10.0:6.0:52.0",
    "Neighbours": {
      "619": 3.61,
      "641": 3.61,
      "640": 4.24,
      "620": 7.0
    }
  },
  "639": {
    "Position": "15.0:6.0:51.0",
    "Neighbours": {
      "621": 3.16,
      "640": 4.47
    }
  },
  "640": {
    "Position": "13.0:6.0:55.0",
    "Neighbours": {
      "638": 4.24,
      "639": 4.47,
      "641": 5.0
    }
  },
  "641": {
    "Position": "8.0:6.0:55.0",
    "Neighbours": {
      "638": 3.61,
      "640": 5.0,
      "642": 6.08
    }
  },
  "642": {
    "Position": "8.0:5.0:61.0",
    "Neighbours": {
      "715": 5.1,
      "762": 6.0,
      "641": 6.08
    }
  },
  "643": {
    "Position": "-4.0:5.0:61.0",
    "Neighbours": {
      "746": 3.0,
      "745": 5.83,
      "762": 6.0,
      "644": 7.21
    }
  },
  "644": {
    "Position": "-8.0:5.0:55.0",
    "Neighbours": {
      "643": 7.21,
      "645": 7.21
    }
  },
  "645": {
    "Position": "-12.0:5.0:49.0",
    "Neighbours": {
      "648": 5.1,
      "650": 5.39,
      "646": 7.07,
      "644": 7.21
    }
  },
  "646": {
    "Position": "-17.0:5.0:44.0",
    "Neighbours": {
      "647": 3.16,
      "645": 7.07
    }
  },
  "647": {
    "Position": "-18.0:5.0:41.0",
    "Neighbours": {
      "646": 3.16,
      "613": 3.61
    }
  },
  "648": {
    "Position": "-11.0:5.0:44.0",
    "Neighbours": {
      "650": 5.0,
      "645": 5.1,
      "613": 6.4
    }
  },
  "649": {
    "Position": "-7.0:7.0:53.0",
    "Neighbours": {
      "644": 3.0,
      "651": 4.58
    }
  },
  "650": {
    "Position": "-7.0:5.0:47.0",
    "Neighbours": {
      "651": 3.0,
      "648": 5.0,
      "645": 5.39
    }
  },
  "651": {
    "Position": "-5.0:6.0:49.0",
    "Neighbours": {
      "650": 3.0,
      "649": 4.58
    }
  },
  "652": {
    "Position": "-9.0:12.0:59.0",
    "Neighbours": {
      "653": 4.12,
      "636": 4.24
    }
  },
  "653": {
    "Position": "-8.0:12.0:63.0",
    "Neighbours": {
      "652": 4.12,
      "655": 5.74,
      "654": 7.28
    }
  },
  "654": {
    "Position": "-12.0:13.0:69.0",
    "Neighbours": {
      "656": 4.12,
      "678": 4.24,
      "653": 7.28
    }
  },
  "655": {
    "Position": "-4.0:11.0:67.0",
    "Neighbours": {
      "674": 3.61,
      "675": 4.0,
      "653": 5.74
    }
  },
  "656": {
    "Position": "-12.0:14.0:73.0",
    "Neighbours": {
      "678": 2.24,
      "657": 3.16,
      "654": 4.12
    }
  },
  "657": {
    "Position": "-12.0:15.0:76.0",
    "Neighbours": {
      "656": 3.16,
      "679": 3.74,
      "658": 4.36,
      "678": 4.36
    }
  },
  "658": {
    "Position": "-9.0:16.0:79.0",
    "Neighbours": {
      "657": 4.36,
      "659": 5.2
    }
  },
  "659": {
    "Position": "-8.0:17.0:84.0",
    "Neighbours": {
      "686": 4.58,
      "660": 5.1,
      "658": 5.2
    }
  },
  "660": {
    "Position": "-5.0:18.0:88.0",
    "Neighbours": {
      "661": 3.0,
      "659": 5.1,
      "683": 6.16
    }
  },
  "661": {
    "Position": "-7.0:19.0:90.0",
    "Neighbours": {
      "660": 3.0,
      "662": 4.24
    }
  },
  "662": {
    "Position": "-8.0:20.0:94.0",
    "Neighbours": {
      "661": 4.24,
      "663": 4.36
    }
  },
  "663": {
    "Position": "-11.0:21.0:97.0",
    "Neighbours": {
      "662": 4.36,
      "664": 5.48
    }
  },
  "664": {
    "Position": "-13.0:22.0:102.0",
    "Neighbours": {
      "665": 3.16,
      "663": 5.48
    }
  },
  "665": {
    "Position": "-10.0:23.0:102.0",
    "Neighbours": {
      "664": 3.16,
      "666": 5.39,
      "288": 6.4,
      "714": 8.6,
      "289": 9.11
    }
  },
  "666": {
    "Position": "-8.0:23.0:97.0",
    "Neighbours": {
      "288": 3.16,
      "663": 3.61,
      "665": 5.39,
      "667": 5.66
    }
  },
  "667": {
    "Position": "-4.0:23.0:93.0",
    "Neighbours": {
      "288": 5.1,
      "666": 5.66,
      "661": 5.83,
      "712": 6.32,
      "289": 8.6
    }
  },
  "668": {
    "Position": "14.0:14.0:48.0",
    "Neighbours": {
      "669": 3.16,
      "627": 4.58
    }
  },
  "669": {
    "Position": "15.0:14.0:51.0",
    "Neighbours": {
      "668": 3.16,
      "670": 5.0
    }
  },
  "670": {
    "Position": "12.0:14.0:55.0",
    "Neighbours": {
      "690": 3.0,
      "671": 3.61,
      "669": 5.0
    }
  },
  "671": {
    "Position": "10.0:14.0:58.0",
    "Neighbours": {
      "690": 3.16,
      "670": 3.61,
      "672": 5.2
    }
  },
  "672": {
    "Position": "11.0:15.0:63.0",
    "Neighbours": {
      "671": 5.2,
      "701": 5.2,
      "673": 6.0
    }
  },
  "673": {
    "Position": "5.0:15.0:63.0",
    "Neighbours": {
      "630": 5.1,
      "672": 6.0,
      "671": 7.14,
      "675": 7.55
    }
  },
  "674": {
    "Position": "-2.0:11.0:70.0",
    "Neighbours": {
      "655": 3.61,
      "675": 3.61,
      "676": 4.58
    }
  },
  "675": {
    "Position": "0.0:11.0:67.0",
    "Neighbours": {
      "674": 3.61,
      "655": 4.0
    }
  },
  "676": {
    "Position": "-4.0:12.0:74.0",
    "Neighbours": {
      "687": 3.0,
      "677": 3.61,
      "674": 4.58
    }
  },
  "677": {
    "Position": "-7.0:12.0:72.0",
    "Neighbours": {
      "676": 3.61,
      "678": 4.12,
      "687": 4.24,
      "655": 5.92
    }
  },
  "678": {
    "Position": "-11.0:12.0:73.0",
    "Neighbours": {
      "677": 4.12,
      "679": 4.12,
      "654": 4.24
    }
  },
  "679": {
    "Position": "-10.0:12.0:77.0",
    "Neighbours": {
      "678": 4.12,
      "680": 4.12,
      "687": 4.24
    }
  },
  "680": {
    "Position": "-8.0:9.0:79.0",
    "Neighbours": {
      "681": 3.0,
      "679": 4.12,
      "751": 7.28
    }
  },
  "681": {
    "Position": "-8.0:9.0:82.0",
    "Neighbours": {
      "680": 3.0
    }
  },
  "682": {
    "Position": "-7.0:12.0:86.0",
    "Neighbours": {
      "683": 3.16,
      "681": 5.1
    }
  },
  "683": {
    "Position": "-6.0:12.0:89.0",
    "Neighbours": {
      "682": 3.16,
      "684": 4.12
    }
  },
  "684": {
    "Position": "-7.0:12.0:93.0",
    "Neighbours": {
      "685": 3.74,
      "683": 4.12
    }
  },
  "685": {
    "Position": "-8.0:14.0:90.0",
    "Neighbours": {
      "686": 2.45,
      "684": 3.74
    }
  },
  "686": {
    "Position": "-7.0:15.0:88.0",
    "Neighbours": {
      "685": 2.45,
      "659": 4.58
    }
  },
  "687": {
    "Position": "-6.0:11.0:76.0",
    "Neighbours": {
      "676": 3.0,
      "680": 4.12,
      "679": 4.24
    }
  },
  "688": {
    "Position": "4.0:11.0:59.0",
    "Neighbours": {
      "761": 6.71
    }
  },
  "689": {
    "Position": "4.0:13.0:57.0",
    "Neighbours": {
      "688": 2.83,
      "630": 3.0,
      "629": 3.61
    }
  },
  "690": {
    "Position": "9.0:14.0:55.0",
    "Neighbours": {
      "670": 3.0,
      "671": 3.16,
      "629": 3.32
    }
  },
  "691": {
    "Position": "-23.0:87.0:-3.0",
    "Name": "Hoppity",
    "Tags": [
      "hoppity"
    ],
    "Neighbours": {
      "97": 4.24,
      "94": 4.47
    }
  },
  "692": {
    "Position": "-18.0:87.0:-6.0",
    "Neighbours": {
      "94": 3.16,
      "97": 6.32,
      "100": 7.62
    }
  },
  "693": {
    "Position": "-62.0:122.0:-7.0",
    "Name": "Hoppity",
    "Tags": [
      "hoppity"
    ],
    "Neighbours": {
      "55": 2.0,
      "54": 3.61
    }
  },
  "694": {
    "Position": "-64.0:122.0:5.0",
    "Name": "Malik",
    "Tags": [
      "npc"
    ],
    "Neighbours": {
      "695": 2.45,
      "53": 5.0
    }
  },
  "695": {
    "Position": "-66.0:121.0:6.0",
    "Name": "Hoppity",
    "Tags": [
      "hoppity"
    ],
    "Neighbours": {
      "694": 2.45
    }
  },
  "696": {
    "Position": "-31.0:51.0:-11.0",
    "Neighbours": {
      "394": 3.16,
      "360": 4.12,
      "570": 38.72
    }
  },
  "697": {
    "Position": "-27.0:33.0:14.0",
    "Neighbours": {
      "698": 6.0,
      "431": 6.08
    }
  },
  "698": {
    "Position": "-33.0:33.0:14.0",
    "Neighbours": {
      "559": 5.1,
      "697": 6.0
    }
  },
  "699": {
    "Position": "-9.0:54.0:5.0",
    "Neighbours": {
      "357": 4.58,
      "356": 5.1,
      "700": 10.05
    }
  },
  "700": {
    "Position": "-11.0:45.0:9.0",
    "Neighbours": {
      "433": 17.38
    }
  },
  "701": {
    "Position": "12.0:16.0:68.0",
    "Neighbours": {
      "702": 4.12,
      "672": 5.2
    }
  },
  "702": {
    "Position": "13.0:16.0:72.0",
    "Neighbours": {
      "701": 4.12,
      "703": 5.1,
      "752": 5.48
    }
  },
  "703": {
    "Position": "13.0:17.0:77.0",
    "Neighbours": {
      "704": 3.16,
      "702": 5.1
    }
  },
  "704": {
    "Position": "13.0:18.0:80.0",
    "Neighbours": {
      "703": 3.16,
      "705": 4.12,
      "754": 5.2
    }
  },
  "705": {
    "Position": "13.0:19.0:84.0",
    "Neighbours": {
      "704": 4.12,
      "706": 5.48
    }
  },
  "706": {
    "Position": "15.0:20.0:89.0",
    "Neighbours": {
      "705": 5.48,
      "707": 5.48
    }
  },
  "707": {
    "Position": "17.0:21.0:94.0",
    "Neighbours": {
      "708": 3.16,
      "706": 5.48
    }
  },
  "708": {
    "Position": "16.0:21.0:97.0",
    "Neighbours": {
      "707": 3.16,
      "709": 5.0
    }
  },
  "709": {
    "Position": "13.0:21.0:101.0",
    "Neighbours": {
      "708": 5.0,
      "710": 5.0
    }
  },
  "710": {
    "Position": "8.0:21.0:101.0",
    "Neighbours": {
      "711": 4.47,
      "709": 5.0,
      "748": 7.28,
      "712": 8.72
    }
  },
  "711": {
    "Position": "4.0:23.0:101.0",
    "Neighbours": {
      "710": 4.47,
      "289": 5.1,
      "713": 6.16,
      "712": 6.32
    }
  },
  "712": {
    "Position": "2.0:23.0:95.0",
    "Neighbours": {
      "748": 4.58,
      "667": 6.32,
      "711": 6.32,
      "289": 6.78,
      "288": 7.62,
      "710": 8.72
    }
  },
  "713": {
    "Position": "3.0:22.0:107.0",
    "Neighbours": {
      "714": 6.08,
      "711": 6.16
    }
  },
  "714": {
    "Position": "-3.0:23.0:107.0",
    "Neighbours": {
      "713": 6.08,
      "289": 6.4,
      "665": 8.6
    }
  },
  "715": {
    "Position": "9.0:5.0:66.0",
    "Neighbours": {
      "642": 5.1,
      "747": 8.25,
      "716": 9.0
    }
  },
  "716": {
    "Position": "9.0:5.0:75.0",
    "Neighbours": {
      "717": 7.0,
      "715": 9.0
    }
  },
  "717": {
    "Position": "9.0:5.0:82.0",
    "Neighbours": {
      "739": 4.12,
      "732": 5.83,
      "716": 7.0,
      "718": 8.06
    }
  },
  "718": {
    "Position": "10.0:5.0:90.0",
    "Neighbours": {
      "732": 3.61,
      "733": 5.1,
      "731": 5.39,
      "717": 8.06,
      "739": 8.6,
      "719": 9.06
    }
  },
  "719": {
    "Position": "9.0:5.0:99.0",
    "Neighbours": {
      "726": 5.83,
      "730": 6.0,
      "720": 6.32,
      "737": 8.25,
      "718": 9.06,
      "734": 9.9
    }
  },
  "720": {
    "Position": "7.0:5.0:105.0",
    "Neighbours": {
      "726": 4.24,
      "721": 6.08,
      "719": 6.32
    }
  },
  "721": {
    "Position": "6.0:5.0:111.0",
    "Neighbours": {
      "720": 6.08,
      "722": 6.32
    }
  },
  "722": {
    "Position": "-0.0:5.0:113.0",
    "Neighbours": {
      "725": 5.0,
      "721": 6.32,
      "723": 7.0
    }
  },
  "723": {
    "Position": "-7.0:5.0:113.0",
    "Neighbours": {
      "722": 7.0,
      "724": 7.0
    }
  },
  "724": {
    "Position": "-7.0:5.0:106.0",
    "Neighbours": {
      "723": 7.0,
      "725": 7.28,
      "735": 9.06
    }
  },
  "725": {
    "Position": "0.0:5.0:108.0",
    "Neighbours": {
      "727": 3.61,
      "722": 5.0,
      "724": 7.28
    }
  },
  "726": {
    "Position": "4.0:5.0:102.0",
    "Neighbours": {
      "727": 3.61,
      "720": 4.24,
      "719": 5.83,
      "737": 5.83
    }
  },
  "727": {
    "Position": "2.0:5.0:105.0",
    "Neighbours": {
      "728": 3.0,
      "725": 3.61,
      "726": 3.61
    }
  },
  "728": {
    "Position": "1.0:7.0:103.0",
    "Neighbours": {
      "727": 3.0,
      "729": 5.39
    }
  },
  "729": {
    "Position": "3.0:7.0:108.0",
    "Neighbours": {
      "725": 3.61,
      "727": 3.74,
      "721": 4.69,
      "728": 5.39,
      "720": 5.39,
      "722": 6.16
    }
  },
  "730": {
    "Position": "15.0:5.0:99.0",
    "Neighbours": {
      "719": 6.0,
      "731": 7.0
    }
  },
  "731": {
    "Position": "15.0:5.0:92.0",
    "Neighbours": {
      "718": 5.39,
      "732": 5.83,
      "730": 7.0
    }
  },
  "732": {
    "Position": "12.0:5.0:87.0",
    "Neighbours": {
      "718": 3.61,
      "717": 5.83,
      "731": 5.83,
      "739": 8.06
    }
  },
  "733": {
    "Position": "5.0:5.0:89.0",
    "Neighbours": {
      "734": 4.24,
      "718": 5.1,
      "739": 6.0
    }
  },
  "734": {
    "Position": "2.0:5.0:92.0",
    "Neighbours": {
      "733": 4.24,
      "737": 5.1,
      "736": 6.08,
      "735": 9.43,
      "719": 9.9
    }
  },
  "735": {
    "Position": "-6.0:5.0:97.0",
    "Neighbours": {
      "736": 6.32,
      "737": 7.0,
      "724": 9.06,
      "734": 9.43
    }
  },
  "736": {
    "Position": "-4.0:5.0:91.0",
    "Neighbours": {
      "734": 6.08,
      "735": 6.32,
      "738": 8.54,
      "742": 10.05
    }
  },
  "737": {
    "Position": "1.0000000000000002:5.0:97.0",
    "Neighbours": {
      "734": 5.1,
      "726": 5.83,
      "735": 7.0,
      "719": 8.25
    }
  },
  "738": {
    "Position": "-1.0:5.0:83.0",
    "Neighbours": {
      "742": 4.47,
      "739": 6.0,
      "736": 8.54
    }
  },
  "739": {
    "Position": "5.0:5.0:83.0",
    "Neighbours": {
      "717": 4.12,
      "733": 6.0,
      "738": 6.0,
      "732": 8.06,
      "718": 8.6,
      "740": 10.77
    }
  },
  "740": {
    "Position": "1.0:5.0:73.0",
    "Neighbours": {
      "747": 5.0,
      "743": 5.83,
      "741": 6.71,
      "739": 10.77
    }
  },
  "741": {
    "Position": "-5.0:5.0:76.0",
    "Neighbours": {
      "742": 5.0,
      "743": 6.08,
      "740": 6.71
    }
  },
  "742": {
    "Position": "-5.0:5.0:81.0",
    "Neighbours": {
      "738": 4.47,
      "741": 5.0,
      "736": 10.05
    }
  },
  "743": {
    "Position": "-4.0:5.0:70.0",
    "Neighbours": {
      "747": 5.39,
      "740": 5.83,
      "746": 6.0,
      "741": 6.08,
      "744": 6.08
    }
  },
  "744": {
    "Position": "-10.0:5.0:69.0",
    "Neighbours": {
      "745": 5.1,
      "743": 6.08
    }
  },
  "745": {
    "Position": "-9.0:5.0:64.0",
    "Neighbours": {
      "744": 5.1,
      "643": 5.83
    }
  },
  "746": {
    "Position": "-4.0:5.0:64.0",
    "Neighbours": {
      "643": 3.0,
      "743": 6.0,
      "747": 6.4
    }
  },
  "747": {
    "Position": "1.0:5.0:68.0",
    "Neighbours": {
      "740": 5.0,
      "743": 5.39,
      "746": 6.4,
      "715": 8.25
    }
  },
  "748": {
    "Position": "6.0:21.0:94.0",
    "Neighbours": {
      "712": 4.58,
      "710": 7.28,
      "749": 8.6
    }
  },
  "749": {
    "Position": "7.0:13.0:91.0",
    "Neighbours": {
      "756": 3.74,
      "750": 7.68
    }
  },
  "750": {
    "Position": "1.9999999999999998:8.0:88.0",
    "Neighbours": {
      "733": 4.36,
      "734": 5.0,
      "739": 6.56,
      "738": 6.56,
      "736": 7.35
    }
  },
  "751": {
    "Position": "-1.0:7.0:79.0",
    "Neighbours": {
      "738": 4.47,
      "742": 4.9,
      "741": 5.39,
      "740": 6.63,
      "739": 7.48
    }
  },
  "752": {
    "Position": "11.0:11.0:73.0",
    "Neighbours": {
      "753": 3.74
    }
  },
  "753": {
    "Position": "9.0:12.0:76.0",
    "Neighbours": {
      "752": 3.74,
      "757": 3.74,
      "754": 4.36
    }
  },
  "754": {
    "Position": "12.0:13.0:79.0",
    "Neighbours": {
      "755": 4.12,
      "753": 4.36
    }
  },
  "755": {
    "Position": "12.0:12.0:83.0",
    "Neighbours": {
      "754": 4.12,
      "756": 5.83
    }
  },
  "756": {
    "Position": "9.0:12.0:88.0",
    "Neighbours": {
      "749": 3.74,
      "755": 5.83,
      "717": 9.22
    }
  },
  "757": {
    "Position": "8.0:10.0:79.0",
    "Neighbours": {
      "753": 3.74,
      "758": 4.36
    }
  },
  "758": {
    "Position": "5.0:9.0:76.0",
    "Neighbours": {
      "759": 2.83,
      "757": 4.36,
      "716": 5.74,
      "751": 7.0
    }
  },
  "759": {
    "Position": "3.0:9.0:74.0",
    "Neighbours": {
      "758": 2.83,
      "740": 4.58,
      "760": 4.9
    }
  },
  "760": {
    "Position": "5.0:7.0:70.0",
    "Neighbours": {
      "747": 4.9,
      "715": 6.0,
      "716": 6.71
    }
  },
  "761": {
    "Position": "2.0:7.0:64.0",
    "Neighbours": {
      "762": 3.61,
      "747": 4.58,
      "746": 6.32,
      "642": 7.0,
      "715": 7.55
    }
  },
  "762": {
    "Position": "2.0:5.0:61.0",
    "Neighbours": {
      "642": 6.0,
      "643": 6.0
    }
  },
  "763": {
    "Position": "-16.0:27.0:9.0",
    "Neighbours": {
      "433": 3.0,
      "572": 19.05
    }
  },
  "764": {
    "Position": "-20.0:51.0:-2.0",
    "Neighbours": {
      "358": 2.83,
      "359": 6.71,
      "357": 9.7,
      "571": 40.37
    }
  }
}