{
  "0": {
    "Position": "-279.0:83.0:-14.0",
    "Name": "/Warp park",
    "Tags": [
      "teleport"
    ],
    "Neighbours": {
      "304": 2.0,
      "274": 5.39,
      "14": 5.83,
      "1": 7.21
    }
  },
  "1": {
    "Position": "-285.0:83.0:-18.0",
    "Name": "Charlie",
    "Tags": [
      "npc"
    ],
    "Neighbours": {
      "0": 7.21,
      "2": 7.81,
      "14": 9.49
    }
  },
  "2": {
    "Position": "-290.0:83.0:-24.0",
    "Neighbours": {
      "276": 4.12,
      "10": 7.21,
      "1": 7.81
    }
  },
  "3": {
    "Position": "-289.0:83.0:-31.0",
    "Neighbours": {
      "276": 3.0,
      "275": 4.12,
      "282": 4.12
    }
  },
  "4": {
    "Position": "-289.0:85.0:-39.0",
    "Neighbours": {
      "275": 4.12,
      "278": 5.39
    }
  },
  "5": {
    "Position": "-288.0:83.0:-48.0",
    "Neighbours": {
      "278": 4.12,
      "277": 4.47,
      "280": 7.0
    }
  },
  "6": {
    "Position": "-289.0:83.0:-62.0",
    "Neighbours": {
      "280": 7.07,
      "7": 7.81
    }
  },
  "7": {
    "Position": "-295.0:83.0:-67.0",
    "Neighbours": {
      "6": 7.81,
      "396": 8.6,
      "8": 12.65
    }
  },
  "8": {
    "Position": "-307.0:83.0:-71.0",
    "Neighbours": {
      "9": 3.16,
      "396": 5.1,
      "421": 5.1,
      "394": 6.08,
      "7": 12.65
    }
  },
  "9": {
    "Position": "-310.0:84.0:-71.0",
    "Name": "Vanessa",
    "Tags": [
      "npc"
    ],
    "Neighbours": {
      "281": 1.73,
      "8": 3.16
    }
  },
  "10": {
    "Position": "-296.0:83.0:-28.0",
    "Neighbours": {
      "282": 3.61,
      "2": 7.21,
      "11": 9.43
    }
  },
  "11": {
    "Position": "-304.0:83.0:-33.0",
    "Neighbours": {
      "12": 5.39,
      "10": 9.43
    }
  },
  "12": {
    "Position": "-309.0:83.0:-35.0",
    "Neighbours": {
      "11": 5.39,
      "13": 9.0,
      "26": 9.22
    }
  },
  "13": {
    "Position": "-318.0:83.0:-35.0",
    "Name": "Birch Park",
    "Tags": [
      "area"
    ],
    "Neighbours": {
      "26": 6.32,
      "19": 7.07,
      "12": 9.0
    }
  },
  "14": {
    "Position": "-282.0:83.0:-9.0",
    "Neighbours": {
      "0": 5.83,
      "1": 9.49,
      "15": 11.31
    }
  },
  "15": {
    "Position": "-290.0:83.0:-0.9999999999999997",
    "Neighbours": {
      "14": 11.31,
      "16": 11.31
    }
  },
  "16": {
    "Position": "-298.0:83.0:7.0",
    "Neighbours": {
      "25": 4.47,
      "17": 7.07,
      "406": 10.05,
      "15": 11.31
    }
  },
  "17": {
    "Position": "-303.0:83.0:12.0",
    "Neighbours": {
      "18": 4.24,
      "406": 6.4,
      "287": 6.71,
      "16": 7.07,
      "25": 7.07
    }
  },
  "18": {
    "Position": "-306.0:83.0:15.0",
    "Name": "Rose Altar",
    "Tags": [
      "poi"
    ],
    "Neighbours": {
      "287": 3.0,
      "17": 4.24,
      "406": 7.28
    }
  },
  "19": {
    "Position": "-323.0:83.0:-30.0",
    "Name": "Birch Park",
    "Tags": [
      "area"
    ],
    "Neighbours": {
      "20": 4.12,
      "13": 7.07
    }
  },
  "20": {
    "Position": "-324.0:83.0:-26.0",
    "Neighbours": {
      "19": 4.12,
      "21": 10.77,
      "22": 17.46
    }
  },
  "21": {
    "Position": "-328.0:83.0:-16.0",
    "Name": "Birch Park",
    "Tags": [
      "area"
    ],
    "Neighbours": {
      "99": 8.25,
      "22": 10.63,
      "20": 10.77
    }
  },
  "22": {
    "Position": "-320.0:83.0:-9.0",
    "Neighbours": {
      "23": 5.66,
      "21": 10.63,
      "20": 17.46
    }
  },
  "23": {
    "Position": "-316.0:83.0:-5.0",
    "Neighbours": {
      "22": 5.66,
      "24": 8.06
    }
  },
  "24": {
    "Position": "-309.0:83.0:-0.9999999999999993",
    "Neighbours": {
      "23": 8.06,
      "25": 9.22
    }
  },
  "25": {
    "Position": "-302.0:83.0:5.0",
    "Neighbours": {
      "16": 4.47,
      "17": 7.07,
      "24": 9.22
    }
  },
  "26": {
    "Position": "-316.0:83.0:-41.0",
    "Neighbours": {
      "27": 5.83,
      "13": 6.32,
      "12": 9.22
    }
  },
  "27": {
    "Position": "-313.0:83.0:-46.0",
    "Neighbours": {
      "260": 4.24,
      "26": 5.83
    }
  },
  "28": {
    "Position": "-317.0:82.0:-54.0",
    "Neighbours": {
      "260": 5.0,
      "29": 5.48
    }
  },
  "29": {
    "Position": "-319.0:87.0:-55.0",
    "Neighbours": {
      "28": 5.48,
      "30": 5.83
    }
  },
  "30": {
    "Position": "-322.0:92.0:-55.0",
    "Neighbours": {
      "31": 3.16,
      "29": 5.83
    }
  },
  "31": {
    "Position": "-325.0:92.0:-56.0",
    "Name": "Cracked Wall",
    "Tags": [
      "dev"
    ],
    "Neighbours": {
      "32": 2.0,
      "30": 3.16
    }
  },
  "32": {
    "Position": "-327.0:92.0:-56.0",
    "Name": "Birch Park",
    "Tags": [
      "area"
    ],
    "Neighbours": {
      "31": 2.0,
      "303": 3.0
    }
  },
  "33": {
    "Position": "-339.0:89.0:-59.0",
    "Neighbours": {
      "261": 7.0,
      "34": 15.52
    }
  },
  "34": {
    "Position": "-345.0:83.0:-72.0",
    "Neighbours": {
      "35": 7.28,
      "33": 15.52
    }
  },
  "35": {
    "Position": "-349.0:82.0:-78.0",
    "Neighbours": {
      "34": 7.28,
      "36": 10.05
    }
  },
  "36": {
    "Position": "-358.0:80.0:-82.0",
    "Neighbours": {
      "37": 5.1,
      "35": 10.05
    }
  },
  "37": {
    "Position": "-362.0:79.0:-79.0",
    "Neighbours": {
      "36": 5.1,
      "38": 11.05
    }
  },
  "38": {
    "Position": "-357.0:75.0:-70.0",
    "Neighbours": {
      "262": 5.0,
      "37": 11.05
    }
  },
  "39": {
    "Position": "-361.0:72.0:-57.0",
    "Neighbours": {
      "74": 7.87,
      "40": 7.87,
      "262": 9.43,
      "73": 12.21
    }
  },
  "40": {
    "Position": "-368.0:70.0:-60.0",
    "Neighbours": {
      "39": 7.87,
      "74": 9.27,
      "41": 17.09
    }
  },
  "41": {
    "Position": "-374.0:70.0:-76.0",
    "Neighbours": {
      "42": 16.79,
      "40": 17.09
    }
  },
  "42": {
    "Position": "-375.0:65.0:-92.0",
    "Neighbours": {
      "43": 7.0,
      "41": 16.79
    }
  },
  "43": {
    "Position": "-378.0:63.0:-98.0",
    "Neighbours": {
      "42": 7.0,
      "44": 7.68
    }
  },
  "44": {
    "Position": "-385.0:62.0:-101.0",
    "Neighbours": {
      "45": 7.0,
      "43": 7.68
    }
  },
  "45": {
    "Position": "-391.0:60.0:-98.0",
    "Neighbours": {
      "46": 5.2,
      "44": 7.0
    }
  },
  "46": {
    "Position": "-392.0:59.0:-93.0",
    "Neighbours": {
      "47": 4.58,
      "45": 5.2
    }
  },
  "47": {
    "Position": "-390.0:58.0:-89.0",
    "Neighbours": {
      "46": 4.58,
      "49": 6.71,
      "48": 7.35
    }
  },
  "48": {
    "Position": "-383.0:57.0:-91.0",
    "Neighbours": {
      "47": 7.35,
      "49": 9.0
    }
  },
  "49": {
    "Position": "-387.0:58.0:-83.0",
    "Neighbours": {
      "47": 6.71,
      "48": 9.0,
      "50": 13.19
    }
  },
  "50": {
    "Position": "-386.0:60.0:-70.0",
    "Neighbours": {
      "57": 10.77,
      "51": 11.18,
      "49": 13.19
    }
  },
  "51": {
    "Position": "-386.0:62.0:-59.0",
    "Neighbours": {
      "57": 7.0,
      "52": 9.27,
      "50": 11.18
    }
  },
  "52": {
    "Position": "-388.0:63.0:-50.0",
    "Neighbours": {
      "55": 7.21,
      "56": 8.12,
      "51": 9.27
    }
  },
  "53": {
    "Position": "-391.0:64.0:-37.0",
    "Neighbours": {
      "55": 7.14,
      "54": 7.62
    }
  },
  "54": {
    "Position": "-388.0:64.0:-30.0",
    "Neighbours": {
      "60": 6.48,
      "53": 7.62
    }
  },
  "55": {
    "Position": "-392.0:63.0:-44.0",
    "Neighbours": {
      "53": 7.14,
      "52": 7.21,
      "56": 8.12
    }
  },
  "56": {
    "Position": "-396.0:64.0:-51.0",
    "Neighbours": {
      "59": 5.83,
      "52": 8.12,
      "55": 8.12
    }
  },
  "57": {
    "Position": "-392.0:64.0:-62.0",
    "Neighbours": {
      "58": 4.12,
      "51": 7.0,
      "50": 10.77
    }
  },
  "58": {
    "Position": "-396.0:64.0:-61.0",
    "Neighbours": {
      "57": 4.12,
      "59": 5.83
    }
  },
  "59": {
    "Position": "-399.0:64.0:-56.0",
    "Neighbours": {
      "56": 5.83,
      "58": 5.83
    }
  },
  "60": {
    "Position": "-383.0:63.0:-26.0",
    "Neighbours": {
      "54": 6.48,
      "61": 8.6
    }
  },
  "61": {
    "Position": "-375.0:60.0:-25.0",
    "Neighbours": {
      "467": 5.83,
      "62": 6.0,
      "63": 8.31,
      "60": 8.6,
      "76": 16.25
    }
  },
  "62": {
    "Position": "-375.0:60.0:-19.0",
    "Neighbours": {
      "61": 6.0,
      "93": 8.31,
      "63": 9.0
    }
  },
  "63": {
    "Position": "-367.0:61.0:-23.0",
    "Neighbours": {
      "467": 5.92,
      "64": 8.06,
      "61": 8.31,
      "62": 9.0
    }
  },
  "64": {
    "Position": "-362.0:63.0:-17.0",
    "Neighbours": {
      "66": 7.14,
      "63": 8.06,
      "65": 11.05
    }
  },
  "65": {
    "Position": "-362.0:64.0:-6.0",
    "Neighbours": {
      "472": 7.68,
      "66": 7.81,
      "80": 8.54,
      "471": 11.0,
      "64": 11.05
    }
  },
  "66": {
    "Position": "-357.0:64.0:-12.0",
    "Neighbours": {
      "67": 5.92,
      "68": 6.32,
      "64": 7.14,
      "65": 7.81
    }
  },
  "67": {
    "Position": "-352.0:65.0:-15.0",
    "Neighbours": {
      "68": 5.2,
      "66": 5.92,
      "69": 6.4
    }
  },
  "68": {
    "Position": "-351.0:64.0:-10.0",
    "Neighbours": {
      "67": 5.2,
      "66": 6.32,
      "77": 7.21
    }
  },
  "69": {
    "Position": "-351.0:67.0:-21.0",
    "Neighbours": {
      "67": 6.4,
      "70": 7.28
    }
  },
  "70": {
    "Position": "-351.0:69.0:-28.0",
    "Neighbours": {
      "476": 5.92,
      "71": 6.16,
      "69": 7.28
    }
  },
  "71": {
    "Position": "-352.0:70.0:-34.0",
    "Neighbours": {
      "476": 5.0,
      "70": 6.16,
      "72": 6.71
    }
  },
  "72": {
    "Position": "-355.0:70.0:-40.0",
    "Neighbours": {
      "283": 4.24,
      "71": 6.71
    }
  },
  "73": {
    "Position": "-360.0:70.0:-45.0",
    "Neighbours": {
      "283": 2.83,
      "75": 4.12,
      "74": 8.54,
      "39": 12.21
    }
  },
  "74": {
    "Position": "-366.0:71.0:-51.0",
    "Neighbours": {
      "75": 7.35,
      "39": 7.87,
      "73": 8.54,
      "40": 9.27
    }
  },
  "75": {
    "Position": "-364.0:70.0:-44.0",
    "Neighbours": {
      "73": 4.12,
      "74": 7.35,
      "76": 9.49,
      "478": 11.0
    }
  },
  "76": {
    "Position": "-367.0:70.0:-35.0",
    "Neighbours": {
      "468": 3.16,
      "478": 3.61,
      "75": 9.49,
      "61": 16.25
    }
  },
  "77": {
    "Position": "-347.0:64.0:-4.0",
    "Neighbours": {
      "78": 5.0,
      "68": 7.21
    }
  },
  "78": {
    "Position": "-347.0:64.0:1.0000000000000002",
    "Neighbours": {
      "77": 5.0,
      "79": 7.81
    }
  },
  "79": {
    "Position": "-353.0:64.0:6.0",
    "Neighbours": {
      "81": 6.32,
      "80": 7.21,
      "78": 7.81
    }
  },
  "80": {
    "Position": "-359.0:64.0:2.0",
    "Neighbours": {
      "471": 4.24,
      "81": 6.0,
      "79": 7.21,
      "65": 8.54
    }
  },
  "81": {
    "Position": "-359.0:64.0:8.0",
    "Neighbours": {
      "471": 4.24,
      "80": 6.0,
      "79": 6.32,
      "82": 7.87
    }
  },
  "82": {
    "Position": "-365.0:65.0:13.0",
    "Neighbours": {
      "83": 7.28,
      "81": 7.87,
      "471": 8.6
    }
  },
  "83": {
    "Position": "-371.0:64.0:17.0",
    "Neighbours": {
      "82": 7.28,
      "85": 8.06,
      "84": 8.31
    }
  },
  "84": {
    "Position": "-375.0:62.0:24.0",
    "Neighbours": {
      "86": 5.48,
      "85": 8.12,
      "83": 8.31
    }
  },
  "85": {
    "Position": "-379.0:63.0:17.0",
    "Neighbours": {
      "83": 8.06,
      "84": 8.12,
      "92": 8.25
    }
  },
  "86": {
    "Position": "-377.0:61.0:29.0",
    "Neighbours": {
      "84": 5.48,
      "87": 6.32,
      "88": 6.4,
      "284": 7.21
    }
  },
  "87": {
    "Position": "-379.0:61.0:35.0",
    "Name": "Old Shaman Nyko",
    "Tags": [
      "npc"
    ],
    "Neighbours": {
      "88": 5.74,
      "86": 6.32
    }
  },
  "88": {
    "Position": "-383.0:60.0:31.0",
    "Neighbours": {
      "284": 4.58,
      "89": 5.0,
      "87": 5.74,
      "86": 6.4
    }
  },
  "89": {
    "Position": "-388.0:60.0:31.0",
    "Neighbours": {
      "88": 5.0,
      "90": 5.74
    }
  },
  "90": {
    "Position": "-392.0:59.0:27.0",
    "Neighbours": {
      "89": 5.74,
      "91": 6.08
    }
  },
  "91": {
    "Position": "-392.0:60.0:21.0",
    "Neighbours": {
      "90": 6.08,
      "92": 6.48
    }
  },
  "92": {
    "Position": "-387.0:61.0:17.0",
    "Neighbours": {
      "91": 6.48,
      "85": 8.25
    }
  },
  "93": {
    "Position": "-377.0:59.0:-11.0",
    "Neighbours": {
      "469": 5.92,
      "94": 7.35,
      "62": 8.31
    }
  },
  "94": {
    "Position": "-376.0:57.0:-4.0",
    "Neighbours": {
      "95": 5.92,
      "93": 7.35
    }
  },
  "95": {
    "Position": "-373.0:56.0:1.0",
    "Neighbours": {
      "94": 5.92,
      "96": 6.16
    }
  },
  "96": {
    "Position": "-378.0:54.0:4.0",
    "Neighbours": {
      "474": 4.0,
      "95": 6.16,
      "97": 6.48
    }
  },
  "97": {
    "Position": "-383.0:53.0:-0.0",
    "Neighbours": {
      "474": 5.1,
      "96": 6.48,
      "98": 8.37
    }
  },
  "98": {
    "Position": "-389.0:50.0:-5.0",
    "Name": "Cave Pond",
    "Tags": [
      "poi"
    ],
    "Neighbours": {
      "97": 8.37,
      "470": 11.05
    }
  },
  "99": {
    "Position": "-330.0:91.0:-16.0",
    "Name": "no_area",
    "Tags": [
      "area"
    ],
    "Neighbours": {
      "21": 8.25,
      "100": 9.06
    }
  },
  "100": {
    "Position": "-339.0:90.0:-16.0",
    "Name": "Spruce Woods",
    "Tags": [
      "area"
    ],
    "Neighbours": {
      "101": 4.12,
      "99": 9.06
    }
  },
  "101": {
    "Position": "-343.0:90.0:-15.0",
    "Neighbours": {
      "100": 4.12,
      "120": 11.18,
      "102": 13.6
    }
  },
  "102": {
    "Position": "-354.0:90.0:-7.0",
    "Neighbours": {
      "120": 6.0,
      "103": 7.07,
      "101": 13.6
    }
  },
  "103": {
    "Position": "-359.0:90.0:-2.0",
    "Neighbours": {
      "102": 7.07,
      "104": 7.21
    }
  },
  "104": {
    "Position": "-363.0:90.0:4.0",
    "Neighbours": {
      "105": 6.0,
      "103": 7.21
    }
  },
  "105": {
    "Position": "-363.0:90.0:10.0",
    "Neighbours": {
      "104": 6.0,
      "121": 9.49
    }
  },
  "106": {
    "Position": "-355.0:90.0:24.0",
    "Neighbours": {
      "122": 5.0,
      "107": 6.71,
      "121": 7.07
    }
  },
  "107": {
    "Position": "-349.0:90.0:27.0",
    "Neighbours": {
      "108": 5.83,
      "106": 6.71
    }
  },
  "108": {
    "Position": "-344.0:90.0:30.0",
    "Neighbours": {
      "107": 5.83,
      "109": 6.4,
      "378": 12.04
    }
  },
  "109": {
    "Position": "-339.0:90.0:34.0",
    "Neighbours": {
      "108": 6.4,
      "110": 7.62,
      "378": 8.6
    }
  },
  "110": {
    "Position": "-336.0:90.0:41.0",
    "Neighbours": {
      "109": 7.62,
      "379": 8.06,
      "111": 12.65
    }
  },
  "111": {
    "Position": "-340.0:90.0:53.0",
    "Name": "Spruce Woods",
    "Tags": [
      "area"
    ],
    "Neighbours": {
      "112": 4.47,
      "110": 12.65
    }
  },
  "112": {
    "Position": "-340.0:88.0:57.0",
    "Name": "no_area",
    "Tags": [
      "area"
    ],
    "Neighbours": {
      "111": 4.47,
      "113": 6.0
    }
  },
  "113": {
    "Position": "-340.0:88.0:63.0",
    "Name": "Lonely Island",
    "Tags": [
      "small_area"
    ],
    "Neighbours": {
      "112": 6.0,
      "114": 6.16
    }
  },
  "114": {
    "Position": "-341.0:89.0:69.0",
    "Neighbours": {
      "115": 5.92,
      "113": 6.16
    }
  },
  "115": {
    "Position": "-344.0:90.0:74.0",
    "Neighbours": {
      "116": 4.24,
      "422": 5.1,
      "114": 5.92
    }
  },
  "116": {
    "Position": "-348.0:91.0:75.0",
    "Name": "Lonely Island",
    "Tags": [
      "small_area"
    ],
    "Neighbours": {
      "117": 3.16,
      "115": 4.24
    }
  },
  "117": {
    "Position": "-351.0:92.0:75.0",
    "Name": "Viking Longhouse",
    "Tags": [
      "small_area"
    ],
    "Neighbours": {
      "116": 3.16,
      "118": 4.0
    }
  },
  "118": {
    "Position": "-355.0:92.0:75.0",
    "Neighbours": {
      "117": 4.0,
      "119": 4.12,
      "294": 5.1
    }
  },
  "119": {
    "Position": "-359.0:92.0:76.0",
    "Name": "Melancholic Viking",
    "Tags": [
      "npc"
    ],
    "Neighbours": {
      "118": 4.12
    }
  },
  "120": {
    "Position": "-354.0:90.0:-13.0",
    "Name": "Spruce Woods",
    "Tags": [
      "area"
    ],
    "Neighbours": {
      "102": 6.0,
      "101": 11.18,
      "305": 12.0
    }
  },
  "121": {
    "Position": "-360.0:90.0:19.0",
    "Neighbours": {
      "122": 5.0,
      "317": 6.4,
      "106": 7.07,
      "105": 9.49
    }
  },
  "122": {
    "Position": "-360.0:90.0:24.0",
    "Neighbours": {
      "317": 4.0,
      "106": 5.0,
      "121": 5.0,
      "123": 7.21
    }
  },
  "123": {
    "Position": "-364.0:90.0:30.0",
    "Neighbours": {
      "317": 6.0,
      "124": 6.08,
      "122": 7.21
    }
  },
  "124": {
    "Position": "-363.0:90.0:36.0",
    "Neighbours": {
      "123": 6.08,
      "263": 6.32
    }
  },
  "125": {
    "Position": "-364.0:90.0:47.0",
    "Neighbours": {
      "126": 5.0,
      "330": 5.66,
      "263": 5.83
    }
  },
  "126": {
    "Position": "-369.0:90.0:47.0",
    "Neighbours": {
      "330": 4.12,
      "127": 4.47,
      "125": 5.0
    }
  },
  "127": {
    "Position": "-373.0:90.0:45.0",
    "Neighbours": {
      "126": 4.47,
      "320": 5.83,
      "128": 7.07,
      "330": 7.81
    }
  },
  "128": {
    "Position": "-380.0:90.0:44.0",
    "Neighbours": {
      "320": 5.66,
      "129": 5.83,
      "127": 7.07
    }
  },
  "129": {
    "Position": "-385.0:90.0:47.0",
    "Neighbours": {
      "130": 4.12,
      "128": 5.83,
      "331": 9.85
    }
  },
  "130": {
    "Position": "-386.0:90.0:51.0",
    "Name": "Start",
    "Tags": [
      "race"
    ],
    "Neighbours": {
      "131": 3.0,
      "129": 4.12
    }
  },
  "131": {
    "Position": "-386.0:90.0:54.0",
    "Name": "Gustave",
    "Tags": [
      "npc"
    ],
    "Neighbours": {
      "130": 3.0,
      "331": 5.39,
      "328": 5.83
    }
  },
  "132": {
    "Position": "-354.0:104.0:-20.0",
    "Name": "no_area",
    "Tags": [
      "area"
    ],
    "Neighbours": {
      "133": 4.0,
      "305": 7.28
    }
  },
  "133": {
    "Position": "-354.0:104.0:-24.0",
    "Name": "Dark Thicket",
    "Tags": [
      "area"
    ],
    "Neighbours": {
      "132": 4.0,
      "134": 5.83,
      "226": 10.05
    }
  },
  "134": {
    "Position": "-359.0:104.0:-27.0",
    "Neighbours": {
      "133": 5.83,
      "135": 6.08,
      "226": 9.22
    }
  },
  "135": {
    "Position": "-365.0:104.0:-26.0",
    "Neighbours": {
      "134": 6.08,
      "136": 9.22
    }
  },
  "136": {
    "Position": "-372.0:104.0:-20.0",
    "Name": "Dark Thicket",
    "Tags": [
      "area"
    ],
    "Neighbours": {
      "306": 6.0,
      "135": 9.22
    }
  },
  "137": {
    "Position": "-378.0:111.0:-20.0",
    "Name": "no_area",
    "Tags": [
      "area"
    ],
    "Neighbours": {
      "138": 4.12,
      "306": 6.08
    }
  },
  "138": {
    "Position": "-382.0:111.0:-19.0",
    "Name": "Savanna Woodland",
    "Tags": [
      "area"
    ],
    "Neighbours": {
      "137": 4.12,
      "139": 8.6,
      "140": 13.04,
      "141": 22.09
    }
  },
  "139": {
    "Position": "-389.0:111.0:-14.0",
    "Neighbours": {
      "176": 5.83,
      "140": 7.21,
      "138": 8.6
    }
  },
  "140": {
    "Position": "-395.0:111.0:-18.0",
    "Neighbours": {
      "176": 7.07,
      "139": 7.21,
      "141": 9.49,
      "138": 13.04
    }
  },
  "141": {
    "Position": "-404.0:111.0:-21.0",
    "Neighbours": {
      "142": 4.24,
      "195": 5.39,
      "140": 9.49,
      "138": 22.09
    }
  },
  "142": {
    "Position": "-407.0:111.0:-24.0",
    "Neighbours": {
      "141": 4.24,
      "143": 5.0,
      "195": 5.39
    }
  },
  "143": {
    "Position": "-407.0:111.0:-29.0",
    "Name": "Savanna Woodland",
    "Tags": [
      "area"
    ],
    "Neighbours": {
      "142": 5.0,
      "307": 10.2
    }
  },
  "144": {
    "Position": "-407.0:121.0:-37.0",
    "Name": "no_area",
    "Tags": [
      "area"
    ],
    "Neighbours": {
      "145": 5.0,
      "307": 6.0
    }
  },
  "145": {
    "Position": "-407.0:121.0:-42.0",
    "Name": "Jungle Island",
    "Tags": [
      "area"
    ],
    "Neighbours": {
      "144": 5.0,
      "146": 6.0
    }
  },
  "146": {
    "Position": "-407.0:121.0:-48.0",
    "Neighbours": {
      "145": 6.0,
      "148": 7.81,
      "147": 9.49
    }
  },
  "147": {
    "Position": "-410.0:121.0:-57.0",
    "Neighbours": {
      "148": 8.54,
      "163": 9.22,
      "146": 9.49
    }
  },
  "148": {
    "Position": "-402.0:121.0:-54.0",
    "Neighbours": {
      "146": 7.81,
      "149": 8.49,
      "147": 8.54
    }
  },
  "149": {
    "Position": "-396.0:121.0:-60.0",
    "Neighbours": {
      "150": 7.21,
      "148": 8.49
    }
  },
  "150": {
    "Position": "-392.0:121.0:-66.0",
    "Neighbours": {
      "151": 6.32,
      "149": 7.21
    }
  },
  "151": {
    "Position": "-390.0:121.0:-72.0",
    "Neighbours": {
      "150": 6.32,
      "152": 10.05
    }
  },
  "152": {
    "Position": "-391.0:121.0:-82.0",
    "Neighbours": {
      "361": 7.21,
      "298": 9.43,
      "151": 10.05,
      "153": 12.08
    }
  },
  "153": {
    "Position": "-386.0:121.0:-93.0",
    "Neighbours": {
      "361": 5.1,
      "154": 7.28,
      "298": 10.44,
      "152": 12.08
    }
  },
  "154": {
    "Position": "-384.0:121.0:-100.0",
    "Neighbours": {
      "454": 5.2,
      "453": 6.78,
      "153": 7.28,
      "359": 17.03
    }
  },
  "155": {
    "Position": "-387.0:124.0:-110.0",
    "Neighbours": {
      "454": 5.74,
      "156": 7.35
    }
  },
  "156": {
    "Position": "-394.0:126.0:-111.0",
    "Neighbours": {
      "157": 5.48,
      "155": 7.35
    }
  },
  "157": {
    "Position": "-399.0:127.0:-109.0",
    "Neighbours": {
      "156": 5.48,
      "162": 7.68,
      "158": 9.85
    }
  },
  "158": {
    "Position": "-408.0:127.0:-105.0",
    "Neighbours": {
      "162": 7.35,
      "157": 9.85,
      "159": 12.53
    }
  },
  "159": {
    "Position": "-419.0:127.0:-99.0",
    "Neighbours": {
      "385": 6.08,
      "264": 6.32,
      "384": 6.4,
      "158": 12.53
    }
  },
  "160": {
    "Position": "-429.0:127.0:-88.0",
    "Neighbours": {
      "168": 4.58,
      "442": 6.78,
      "265": 7.0,
      "384": 8.49
    }
  },
  "161": {
    "Position": "-432.0:127.0:-101.0",
    "Neighbours": {
      "169": 4.24,
      "265": 6.71,
      "264": 8.06
    }
  },
  "162": {
    "Position": "-406.0:128.0:-112.0",
    "Neighbours": {
      "292": 7.14,
      "158": 7.35,
      "157": 7.68
    }
  },
  "163": {
    "Position": "-417.0:121.0:-63.0",
    "Neighbours": {
      "147": 9.22,
      "164": 10.44
    }
  },
  "164": {
    "Position": "-427.0:121.0:-60.0",
    "Neighbours": {
      "165": 4.12,
      "364": 7.21,
      "163": 10.44
    }
  },
  "165": {
    "Position": "-431.0:121.0:-61.0",
    "Neighbours": {
      "164": 4.12,
      "166": 4.12,
      "366": 6.08,
      "364": 7.0
    }
  },
  "166": {
    "Position": "-432.0:121.0:-65.0",
    "Neighbours": {
      "165": 4.12,
      "366": 5.83,
      "167": 8.06
    }
  },
  "167": {
    "Position": "-431.0:121.0:-73.0",
    "Neighbours": {
      "166": 8.06,
      "168": 12.08
    }
  },
  "168": {
    "Position": "-431.0:126.0:-84.0",
    "Neighbours": {
      "160": 4.58,
      "442": 4.58,
      "167": 12.08
    }
  },
  "169": {
    "Position": "-436.0:128.0:-102.0",
    "Neighbours": {
      "161": 4.24,
      "170": 5.0
    }
  },
  "170": {
    "Position": "-440.0:128.0:-105.0",
    "Neighbours": {
      "169": 5.0,
      "301": 5.39,
      "171": 7.14
    }
  },
  "171": {
    "Position": "-445.0:129.0:-110.0",
    "Neighbours": {
      "301": 5.1,
      "172": 7.0,
      "170": 7.14
    }
  },
  "172": {
    "Position": "-451.0:131.0:-113.0",
    "Neighbours": {
      "296": 6.16,
      "171": 7.0,
      "173": 11.36
    }
  },
  "173": {
    "Position": "-461.0:133.0:-118.0",
    "Neighbours": {
      "296": 7.0,
      "174": 7.07,
      "172": 11.36
    }
  },
  "174": {
    "Position": "-468.0:133.0:-119.0",
    "Neighbours": {
      "464": 4.47,
      "173": 7.07,
      "175": 7.14
    }
  },
  "175": {
    "Position": "-475.0:134.0:-118.0",
    "Name": "Romeo/Juliette",
    "Tags": [
      "npc",
      "romeo"
    ],
    "Neighbours": {
      "464": 4.36,
      "174": 7.14
    }
  },
  "176": {
    "Position": "-394.0:111.0:-11.0",
    "Neighbours": {
      "139": 5.83,
      "177": 6.32,
      "140": 7.07
    }
  },
  "177": {
    "Position": "-396.0:111.0:-5.0",
    "Neighbours": {
      "176": 6.32,
      "178": 8.0
    }
  },
  "178": {
    "Position": "-396.0:111.0:3.0",
    "Neighbours": {
      "177": 8.0,
      "179": 9.22,
      "427": 27.48
    }
  },
  "179": {
    "Position": "-398.0:111.0:12.0",
    "Neighbours": {
      "181": 6.08,
      "180": 8.25,
      "178": 9.22,
      "427": 27.31
    }
  },
  "180": {
    "Position": "-406.0:111.0:14.0",
    "Neighbours": {
      "186": 7.28,
      "181": 8.06,
      "179": 8.25
    }
  },
  "181": {
    "Position": "-399.0:111.0:18.0",
    "Neighbours": {
      "185": 5.2,
      "179": 6.08,
      "180": 8.06
    }
  },
  "182": {
    "Position": "-397.0:111.0:28.0",
    "Neighbours": {
      "185": 5.2,
      "184": 5.39,
      "183": 5.39
    }
  },
  "183": {
    "Position": "-399.0:111.0:33.0",
    "Name": "Melody",
    "Tags": [
      "npc"
    ],
    "Neighbours": {
      "289": 1.73,
      "184": 4.0,
      "182": 5.39,
      "332": 8.06
    }
  },
  "184": {
    "Position": "-395.0:111.0:33.0",
    "Name": "Melody\u0027s Harp",
    "Tags": [
      "poi"
    ],
    "Neighbours": {
      "183": 4.0,
      "182": 5.39,
      "334": 5.66
    }
  },
  "185": {
    "Position": "-398.0:110.0:23.0",
    "Name": "Savanna Woodland",
    "Tags": [
      "area"
    ],
    "Neighbours": {
      "310": 3.16,
      "311": 3.32,
      "181": 5.2,
      "182": 5.2
    }
  },
  "186": {
    "Position": "-413.0:111.0:16.0",
    "Neighbours": {
      "188": 6.32,
      "180": 7.28,
      "187": 8.6
    }
  },
  "187": {
    "Position": "-420.0:111.0:21.0",
    "Neighbours": {
      "188": 7.07,
      "186": 8.6,
      "213": 8.94
    }
  },
  "188": {
    "Position": "-419.0:111.0:14.0",
    "Neighbours": {
      "186": 6.32,
      "187": 7.07,
      "189": 8.06
    }
  },
  "189": {
    "Position": "-418.0:111.0:6.0",
    "Neighbours": {
      "190": 8.0,
      "188": 8.06
    }
  },
  "190": {
    "Position": "-418.0:111.0:-2.0",
    "Neighbours": {
      "189": 8.0,
      "192": 9.0,
      "191": 9.22
    }
  },
  "191": {
    "Position": "-425.0:111.0:-8.0",
    "Neighbours": {
      "199": 3.0,
      "192": 7.62,
      "190": 9.22
    }
  },
  "192": {
    "Position": "-418.0:111.0:-11.0",
    "Neighbours": {
      "191": 7.62,
      "193": 7.62,
      "194": 8.6,
      "190": 9.0
    }
  },
  "193": {
    "Position": "-421.0:111.0:-18.0",
    "Neighbours": {
      "196": 6.0,
      "192": 7.62,
      "194": 8.0
    }
  },
  "194": {
    "Position": "-413.0:111.0:-18.0",
    "Neighbours": {
      "195": 4.12,
      "193": 8.0,
      "192": 8.6
    }
  },
  "195": {
    "Position": "-409.0:111.0:-19.0",
    "Neighbours": {
      "194": 4.12,
      "141": 5.39,
      "142": 5.39
    }
  },
  "196": {
    "Position": "-427.0:111.0:-18.0",
    "Neighbours": {
      "193": 6.0,
      "198": 7.81,
      "197": 8.06
    }
  },
  "197": {
    "Position": "-435.0:111.0:-19.0",
    "Neighbours": {
      "198": 7.62,
      "196": 8.06,
      "201": 8.6,
      "223": 9.85
    }
  },
  "198": {
    "Position": "-432.0:111.0:-12.0",
    "Neighbours": {
      "199": 5.66,
      "200": 5.83,
      "197": 7.62,
      "196": 7.81
    }
  },
  "199": {
    "Position": "-428.0:111.0:-8.0",
    "Neighbours": {
      "191": 3.0,
      "198": 5.66,
      "200": 7.07
    }
  },
  "200": {
    "Position": "-435.0:111.0:-7.0",
    "Neighbours": {
      "198": 5.83,
      "206": 5.83,
      "199": 7.07,
      "205": 8.25
    }
  },
  "201": {
    "Position": "-440.0:111.0:-26.0",
    "Neighbours": {
      "223": 5.0,
      "202": 6.0,
      "197": 8.6
    }
  },
  "202": {
    "Position": "-440.0:111.0:-32.0",
    "Neighbours": {
      "403": 5.83,
      "201": 6.0,
      "203": 7.07,
      "302": 7.07,
      "223": 9.85
    }
  },
  "203": {
    "Position": "-445.0:111.0:-37.0",
    "Neighbours": {
      "302": 5.48,
      "368": 6.0,
      "202": 7.07,
      "204": 8.06
    }
  },
  "204": {
    "Position": "-452.0:111.0:-41.0",
    "Neighbours": {
      "368": 7.28,
      "203": 8.06
    }
  },
  "205": {
    "Position": "-443.0:111.0:-5.0",
    "Neighbours": {
      "218": 5.0,
      "206": 5.83,
      "219": 5.83,
      "200": 8.25
    }
  },
  "206": {
    "Position": "-438.0:111.0:-2.0",
    "Neighbours": {
      "207": 4.12,
      "200": 5.83,
      "205": 5.83
    }
  },
  "207": {
    "Position": "-437.0:111.0:2.0",
    "Neighbours": {
      "206": 4.12,
      "208": 8.06
    }
  },
  "208": {
    "Position": "-437.0:110.0:10.0",
    "Neighbours": {
      "209": 5.92,
      "207": 8.06
    }
  },
  "209": {
    "Position": "-434.0:111.0:15.0",
    "Neighbours": {
      "208": 5.92,
      "210": 6.08
    }
  },
  "210": {
    "Position": "-435.0:111.0:21.0",
    "Neighbours": {
      "212": 4.12,
      "211": 4.47,
      "209": 6.08
    }
  },
  "211": {
    "Position": "-433.0:111.0:25.0",
    "Neighbours": {
      "210": 4.47,
      "213": 5.0,
      "212": 6.71
    }
  },
  "212": {
    "Position": "-439.0:111.0:22.0",
    "Neighbours": {
      "210": 4.12,
      "214": 5.66,
      "211": 6.71
    }
  },
  "213": {
    "Position": "-428.0:111.0:25.0",
    "Neighbours": {
      "211": 5.0,
      "187": 8.94
    }
  },
  "214": {
    "Position": "-443.0:111.0:18.0",
    "Neighbours": {
      "212": 5.66,
      "215": 6.4
    }
  },
  "215": {
    "Position": "-447.0:111.0:13.0",
    "Neighbours": {
      "347": 4.0,
      "216": 6.32,
      "214": 6.4
    }
  },
  "216": {
    "Position": "-449.0:111.0:7.0",
    "Neighbours": {
      "217": 5.0,
      "215": 6.32,
      "347": 6.32
    }
  },
  "217": {
    "Position": "-449.0:111.0:2.0",
    "Neighbours": {
      "218": 4.47,
      "216": 5.0
    }
  },
  "218": {
    "Position": "-447.0:111.0:-2.0",
    "Neighbours": {
      "217": 4.47,
      "205": 5.0,
      "219": 6.08
    }
  },
  "219": {
    "Position": "-448.0:111.0:-8.0",
    "Neighbours": {
      "399": 5.0,
      "205": 5.83,
      "218": 6.08
    }
  },
  "220": {
    "Position": "-456.0:111.0:-13.0",
    "Neighbours": {
      "399": 4.47,
      "225": 5.0,
      "400": 5.1,
      "221": 8.06,
      "224": 11.18
    }
  },
  "221": {
    "Position": "-464.0:110.0:-13.0",
    "Neighbours": {
      "290": 2.0,
      "248": 2.24,
      "222": 3.74,
      "268": 4.12,
      "220": 8.06
    }
  },
  "222": {
    "Position": "-462.0:111.0:-16.0",
    "Name": "Master Tactician Funk",
    "Tags": [
      "npc"
    ],
    "Neighbours": {
      "221": 3.74,
      "225": 6.32
    }
  },
  "223": {
    "Position": "-444.0:111.0:-23.0",
    "Neighbours": {
      "201": 5.0,
      "224": 7.0,
      "197": 9.85,
      "202": 9.85
    }
  },
  "224": {
    "Position": "-451.0:111.0:-23.0",
    "Neighbours": {
      "342": 4.0,
      "404": 6.71,
      "223": 7.0,
      "225": 7.07,
      "220": 11.18
    }
  },
  "225": {
    "Position": "-456.0:111.0:-18.0",
    "Neighbours": {
      "220": 5.0,
      "342": 5.1,
      "222": 6.32,
      "224": 7.07,
      "268": 8.06
    }
  },
  "226": {
    "Position": "-353.0:104.0:-34.0",
    "Neighbours": {
      "228": 5.39,
      "227": 7.0,
      "134": 9.22,
      "133": 10.05,
      "231": 11.4
    }
  },
  "227": {
    "Position": "-353.0:104.0:-41.0",
    "Neighbours": {
      "231": 5.0,
      "226": 7.0,
      "228": 7.07
    }
  },
  "228": {
    "Position": "-348.0:104.0:-36.0",
    "Neighbours": {
      "226": 5.39,
      "229": 6.0,
      "227": 7.07
    }
  },
  "229": {
    "Position": "-342.0:104.0:-36.0",
    "Neighbours": {
      "230": 4.12,
      "228": 6.0
    }
  },
  "230": {
    "Position": "-338.0:104.0:-37.0",
    "Neighbours": {
      "229": 4.12,
      "370": 6.08,
      "269": 9.43
    }
  },
  "231": {
    "Position": "-356.0:104.0:-45.0",
    "Neighbours": {
      "227": 5.0,
      "232": 8.6,
      "226": 11.4
    }
  },
  "232": {
    "Position": "-361.0:104.0:-52.0",
    "Neighbours": {
      "231": 8.6,
      "430": 10.3,
      "233": 11.0
    }
  },
  "233": {
    "Position": "-361.0:104.0:-63.0",
    "Neighbours": {
      "430": 5.39,
      "234": 5.48,
      "232": 11.0
    }
  },
  "234": {
    "Position": "-359.0:105.0:-68.0",
    "Neighbours": {
      "233": 5.48,
      "235": 5.48,
      "434": 9.7
    }
  },
  "235": {
    "Position": "-357.0:104.0:-73.0",
    "Neighbours": {
      "234": 5.48,
      "270": 6.08,
      "434": 11.22
    }
  },
  "236": {
    "Position": "-359.0:104.0:-82.0",
    "Neighbours": {
      "270": 3.74,
      "237": 6.08,
      "362": 6.71,
      "432": 8.06
    }
  },
  "237": {
    "Position": "-360.0:104.0:-88.0",
    "Neighbours": {
      "362": 5.83,
      "236": 6.08,
      "238": 6.71,
      "432": 9.9
    }
  },
  "238": {
    "Position": "-357.0:104.0:-94.0",
    "Neighbours": {
      "239": 6.4,
      "237": 6.71
    }
  },
  "239": {
    "Position": "-353.0:104.0:-99.0",
    "Neighbours": {
      "240": 6.08,
      "238": 6.4
    }
  },
  "240": {
    "Position": "-352.0:104.0:-105.0",
    "Neighbours": {
      "241": 5.0,
      "239": 6.08,
      "463": 8.6
    }
  },
  "241": {
    "Position": "-349.0:104.0:-109.0",
    "Neighbours": {
      "242": 4.24,
      "240": 5.0,
      "463": 8.54
    }
  },
  "242": {
    "Position": "-345.0:105.0:-108.0",
    "Neighbours": {
      "241": 4.24,
      "243": 6.16
    }
  },
  "243": {
    "Position": "-339.0:104.0:-107.0",
    "Neighbours": {
      "245": 5.1,
      "242": 6.16,
      "244": 7.21
    }
  },
  "244": {
    "Position": "-333.0:104.0:-103.0",
    "Neighbours": {
      "245": 5.1,
      "271": 5.83,
      "246": 5.92,
      "273": 6.71,
      "243": 7.21,
      "272": 7.21
    }
  },
  "245": {
    "Position": "-334.0:104.0:-108.0",
    "Name": "Ryan",
    "Tags": [
      "npc"
    ],
    "Neighbours": {
      "246": 4.12,
      "243": 5.1,
      "244": 5.1,
      "285": 8.25
    }
  },
  "246": {
    "Position": "-330.0:105.0:-108.0",
    "Name": "Campfire",
    "Tags": [
      "poi"
    ],
    "Neighbours": {
      "273": 3.74,
      "245": 4.12,
      "244": 5.92
    }
  },
  "247": {
    "Position": "-275.0:83.0:-14.0",
    "Name": "Hub",
    "Tags": [
      "teleport"
    ],
    "Neighbours": {
      "304": 2.0
    }
  },
  "248": {
    "Position": "-466.0:111.0:-13.0",
    "Neighbours": {
      "266": 2.0,
      "221": 2.24
    }
  },
  "249": {
    "Position": "-471.0:109.0:-12.0",
    "Neighbours": {
      "266": 3.74,
      "345": 3.74,
      "250": 5.2
    }
  },
  "250": {
    "Position": "-470.0:108.0:-17.0",
    "Neighbours": {
      "251": 2.24,
      "249": 5.2
    }
  },
  "251": {
    "Position": "-470.0:107.0:-19.0",
    "Neighbours": {
      "250": 2.24,
      "252": 4.58
    }
  },
  "252": {
    "Position": "-468.0:106.0:-23.0",
    "Neighbours": {
      "253": 4.12,
      "251": 4.58
    }
  },
  "253": {
    "Position": "-470.0:104.0:-20.0",
    "Neighbours": {
      "267": 2.24,
      "252": 4.12
    }
  },
  "254": {
    "Position": "-470.0:103.0:-15.0",
    "Name": "Savanna Woodland",
    "Tags": [
      "area"
    ],
    "Neighbours": {
      "346": 2.24,
      "267": 3.0
    }
  },
  "255": {
    "Position": "-463.0:100.0:-12.0",
    "Neighbours": {
      "346": 6.16,
      "256": 7.35
    }
  },
  "256": {
    "Position": "-458.0:98.0:-7.0",
    "Neighbours": {
      "257": 4.69,
      "255": 7.35
    }
  },
  "257": {
    "Position": "-456.0:95.0:-4.0",
    "Neighbours": {
      "291": 2.45,
      "256": 4.69
    }
  },
  "258": {
    "Position": "-451.0:92.0:3.0",
    "Neighbours": {
      "291": 6.71,
      "259": 10.72
    }
  },
  "259": {
    "Position": "-448.0:87.0:12.0",
    "Name": "Start",
    "Tags": [
      "poi"
    ],
    "Neighbours": {
      "335": 4.12,
      "258": 10.72
    }
  },
  "260": {
    "Position": "-314.0:82.0:-50.0",
    "Neighbours": {
      "27": 4.24,
      "28": 5.0
    }
  },
  "261": {
    "Position": "-333.0:91.0:-56.0",
    "Name": "Cracked Wall",
    "Tags": [
      "dev"
    ],
    "Neighbours": {
      "303": 3.16,
      "33": 7.0
    }
  },
  "262": {
    "Position": "-357.0:75.0:-65.0",
    "Neighbours": {
      "38": 5.0,
      "39": 9.43
    }
  },
  "263": {
    "Position": "-361.0:90.0:42.0",
    "Neighbours": {
      "125": 5.83,
      "124": 6.32
    }
  },
  "264": {
    "Position": "-425.0:127.0:-97.0",
    "Neighbours": {
      "159": 6.32,
      "161": 8.06
    }
  },
  "265": {
    "Position": "-429.0:127.0:-95.0",
    "Neighbours": {
      "161": 6.71,
      "160": 7.0
    }
  },
  "266": {
    "Position": "-468.0:111.0:-13.0",
    "Neighbours": {
      "248": 2.0,
      "249": 3.74
    }
  },
  "267": {
    "Position": "-470.0:103.0:-18.0",
    "Neighbours": {
      "253": 2.24,
      "254": 3.0
    }
  },
  "268": {
    "Position": "-464.0:111.0:-17.0",
    "Neighbours": {
      "221": 4.12,
      "225": 8.06
    }
  },
  "269": {
    "Position": "-333.0:104.0:-45.0",
    "Neighbours": {
      "374": 4.24,
      "370": 7.07,
      "230": 9.43
    }
  },
  "270": {
    "Position": "-357.0:105.0:-79.0",
    "Neighbours": {
      "236": 3.74,
      "235": 6.08
    }
  },
  "271": {
    "Position": "-336.0:104.0:-98.0",
    "Neighbours": {
      "244": 5.83
    }
  },
  "272": {
    "Position": "-327.0:104.0:-99.0",
    "Neighbours": {
      "388": 6.0,
      "273": 7.0,
      "244": 7.21
    }
  },
  "273": {
    "Position": "-327.0:104.0:-106.0",
    "Neighbours": {
      "246": 3.74,
      "285": 4.12,
      "244": 6.71,
      "272": 7.0
    }
  },
  "274": {
    "Position": "-276.0:87.0:-16.0",
    "Name": "Hoppity",
    "Tags": [
      "hoppity"
    ],
    "Neighbours": {
      "0": 5.39
    }
  },
  "275": {
    "Position": "-289.0:84.0:-35.0",
    "Neighbours": {
      "3": 4.12,
      "4": 4.12
    }
  },
  "276": {
    "Position": "-289.0:83.0:-28.0",
    "Neighbours": {
      "3": 3.0,
      "2": 4.12
    }
  },
  "277": {
    "Position": "-286.0:83.0:-44.0",
    "Neighbours": {
      "279": 2.45,
      "278": 3.0,
      "5": 4.47
    }
  },
  "278": {
    "Position": "-289.0:83.0:-44.0",
    "Neighbours": {
      "277": 3.0,
      "5": 4.12,
      "4": 5.39
    }
  },
  "279": {
    "Position": "-285.0:82.0:-42.0",
    "Name": "Hoppity",
    "Tags": [
      "hoppity"
    ],
    "Neighbours": {
      "277": 2.45
    }
  },
  "280": {
    "Position": "-288.0:83.0:-55.0",
    "Neighbours": {
      "5": 7.0,
      "6": 7.07
    }
  },
  "281": {
    "Position": "-311.0:83.0:-72.0",
    "Name": "Hoppity",
    "Tags": [
      "hoppity"
    ],
    "Neighbours": {
      "9": 1.73
    }
  },
  "282": {
    "Position": "-293.0:83.0:-30.0",
    "Neighbours": {
      "10": 3.61,
      "3": 4.12
    }
  },
  "283": {
    "Position": "-358.0:70.0:-43.0",
    "Neighbours": {
      "73": 2.83,
      "72": 4.24
    }
  },
  "284": {
    "Position": "-381.0:61.0:35.0",
    "Name": "Hoppity",
    "Tags": [
      "hoppity"
    ],
    "Neighbours": {
      "88": 4.58,
      "86": 7.21
    }
  },
  "285": {
    "Position": "-326.0:104.0:-110.0",
    "Neighbours": {
      "286": 2.24,
      "273": 4.12,
      "245": 8.25
    }
  },
  "286": {
    "Position": "-327.0:104.0:-112.0",
    "Name": "Hoppity",
    "Tags": [
      "hoppity"
    ],
    "Neighbours": {
      "285": 2.24
    }
  },
  "287": {
    "Position": "-309.0:83.0:15.0",
    "Neighbours": {
      "288": 2.24,
      "18": 3.0,
      "17": 6.71
    }
  },
  "288": {
    "Position": "-309.0:82.0:17.0",
    "Name": "Hoppity",
    "Tags": [
      "hoppity"
    ],
    "Neighbours": {
      "287": 2.24,
      "382": 7.48
    }
  },
  "289": {
    "Position": "-400.0:110.0:34.0",
    "Name": "Hoppity",
    "Tags": [
      "hoppity"
    ],
    "Neighbours": {
      "183": 1.73
    }
  },
  "290": {
    "Position": "-464.0:110.0:-11.0",
    "Name": "Hoppity",
    "Tags": [
      "hoppity"
    ],
    "Neighbours": {
      "221": 2.0
    }
  },
  "291": {
    "Position": "-455.0:94.0:-2.0",
    "Name": "Hoppity",
    "Tags": [
      "hoppity"
    ],
    "Neighbours": {
      "257": 2.45,
      "258": 6.71
    }
  },
  "292": {
    "Position": "-407.0:129.0:-119.0",
    "Name": "Stop",
    "Tags": [
      "race"
    ],
    "Neighbours": {
      "293": 3.0,
      "162": 7.14
    }
  },
  "293": {
    "Position": "-407.0:129.0:-122.0",
    "Name": "Hoppity",
    "Tags": [
      "hoppity"
    ],
    "Neighbours": {
      "292": 3.0
    }
  },
  "294": {
    "Position": "-360.0:92.0:74.0",
    "Neighbours": {
      "295": 2.24,
      "118": 5.1
    }
  },
  "295": {
    "Position": "-362.0:92.0:75.0",
    "Name": "Hoppity",
    "Tags": [
      "hoppity"
    ],
    "Neighbours": {
      "294": 2.24
    }
  },
  "296": {
    "Position": "-454.0:133.0:-118.0",
    "Neighbours": {
      "297": 5.39,
      "172": 6.16,
      "173": 7.0
    }
  },
  "297": {
    "Position": "-454.0:138.0:-120.0",
    "Name": "Hoppity",
    "Tags": [
      "hoppity"
    ],
    "Neighbours": {
      "296": 5.39
    }
  },
  "298": {
    "Position": "-396.0:121.0:-90.0",
    "Neighbours": {
      "299": 6.32,
      "152": 9.43,
      "153": 10.44
    }
  },
  "299": {
    "Position": "-402.0:121.0:-88.0",
    "Neighbours": {
      "300": 4.24,
      "448": 6.08,
      "298": 6.32
    }
  },
  "300": {
    "Position": "-406.0:120.0:-89.0",
    "Name": "Hoppity",
    "Tags": [
      "hoppity"
    ],
    "Neighbours": {
      "448": 3.0,
      "299": 4.24
    }
  },
  "301": {
    "Position": "-442.0:125.0:-109.0",
    "Name": "Hoppity",
    "Tags": [
      "hoppity"
    ],
    "Neighbours": {
      "171": 5.1,
      "170": 5.39
    }
  },
  "302": {
    "Position": "-440.0:110.0:-39.0",
    "Name": "Hoppity",
    "Tags": [
      "hoppity"
    ],
    "Neighbours": {
      "203": 5.48,
      "368": 6.48,
      "202": 7.07
    }
  },
  "303": {
    "Position": "-330.0:92.0:-56.0",
    "Name": "Howling Cave",
    "Tags": [
      "area"
    ],
    "Neighbours": {
      "32": 3.0,
      "261": 3.16
    }
  },
  "304": {
    "Position": "-277.0:83.0:-14.0",
    "Name": "Birch Park",
    "Tags": [
      "area"
    ],
    "Neighbours": {
      "0": 2.0,
      "247": 2.0
    }
  },
  "305": {
    "Position": "-354.0:102.0:-13.0",
    "Name": "no_area",
    "Tags": [
      "area"
    ],
    "Neighbours": {
      "132": 7.28,
      "120": 12.0
    }
  },
  "306": {
    "Position": "-372.0:110.0:-20.0",
    "Name": "no_area",
    "Tags": [
      "area"
    ],
    "Neighbours": {
      "136": 6.0,
      "137": 6.08
    }
  },
  "307": {
    "Position": "-407.0:121.0:-31.0",
    "Name": "no_area",
    "Tags": [
      "area"
    ],
    "Neighbours": {
      "144": 6.0,
      "143": 10.2
    }
  },
  "308": {
    "Position": "-391.0:94.0:23.0",
    "Name": "Spruce Woods",
    "Tags": [
      "area"
    ],
    "Neighbours": {
      "313": 5.39,
      "312": 9.22
    }
  },
  "309": {
    "Position": "-405.0:94.0:27.0",
    "Name": "Spruce Woods",
    "Tags": [
      "area"
    ],
    "Neighbours": {
      "312": 5.39,
      "321": 5.74
    }
  },
  "310": {
    "Position": "-395.0:109.0:23.0",
    "Neighbours": {
      "308": 15.52
    }
  },
  "311": {
    "Position": "-401.0:109.0:24.0",
    "Neighbours": {
      "309": 15.81
    }
  },
  "312": {
    "Position": "-400.0:94.0:25.0",
    "Neighbours": {
      "309": 5.39,
      "308": 9.22
    }
  },
  "313": {
    "Position": "-386.0:92.0:23.0",
    "Neighbours": {
      "314": 5.1,
      "308": 5.39
    }
  },
  "314": {
    "Position": "-381.0:92.0:24.0",
    "Neighbours": {
      "318": 5.0,
      "313": 5.1,
      "315": 7.28
    }
  },
  "315": {
    "Position": "-374.0:92.0:22.0",
    "Neighbours": {
      "316": 5.2,
      "314": 7.28
    }
  },
  "316": {
    "Position": "-369.0:91.0:23.0",
    "Neighbours": {
      "315": 5.2,
      "317": 5.2
    }
  },
  "317": {
    "Position": "-364.0:90.0:24.0",
    "Neighbours": {
      "122": 4.0,
      "316": 5.2,
      "123": 6.0,
      "121": 6.4
    }
  },
  "318": {
    "Position": "-378.0:92.0:28.0",
    "Neighbours": {
      "314": 5.0,
      "319": 5.92
    }
  },
  "319": {
    "Position": "-375.0:91.0:33.0",
    "Neighbours": {
      "318": 5.92,
      "320": 7.14
    }
  },
  "320": {
    "Position": "-376.0:90.0:40.0",
    "Neighbours": {
      "128": 5.66,
      "127": 5.83,
      "319": 7.14
    }
  },
  "321": {
    "Position": "-409.0:93.0:31.0",
    "Neighbours": {
      "309": 5.74,
      "322": 7.81
    }
  },
  "322": {
    "Position": "-414.0:93.0:37.0",
    "Neighbours": {
      "323": 5.39,
      "321": 7.81
    }
  },
  "323": {
    "Position": "-418.0:91.0:40.0",
    "Neighbours": {
      "322": 5.39,
      "324": 5.39
    }
  },
  "324": {
    "Position": "-416.0:91.0:45.0",
    "Neighbours": {
      "323": 5.39,
      "325": 7.21
    }
  },
  "325": {
    "Position": "-410.0:91.0:49.0",
    "Neighbours": {
      "324": 7.21,
      "326": 7.81
    }
  },
  "326": {
    "Position": "-405.0:91.0:55.0",
    "Neighbours": {
      "327": 6.32,
      "325": 7.81
    }
  },
  "327": {
    "Position": "-399.0:91.0:57.0",
    "Neighbours": {
      "397": 3.16,
      "326": 6.32
    }
  },
  "328": {
    "Position": "-391.0:90.0:57.0",
    "Neighbours": {
      "397": 5.0,
      "131": 5.83
    }
  },
  "329": {
    "Position": "-377.0:90.0:56.0",
    "Neighbours": {
      "331": 4.0,
      "398": 5.1
    }
  },
  "330": {
    "Position": "-368.0:90.0:51.0",
    "Neighbours": {
      "126": 4.12,
      "125": 5.66,
      "398": 5.66,
      "127": 7.81
    }
  },
  "331": {
    "Position": "-381.0:90.0:56.0",
    "Neighbours": {
      "329": 4.0,
      "131": 5.39,
      "129": 9.85
    }
  },
  "332": {
    "Position": "-400.0:111.0:41.0",
    "Neighbours": {
      "333": 8.0,
      "183": 8.06
    }
  },
  "333": {
    "Position": "-392.0:111.0:41.0",
    "Neighbours": {
      "334": 4.12,
      "332": 8.0
    }
  },
  "334": {
    "Position": "-391.0:111.0:37.0",
    "Neighbours": {
      "333": 4.12,
      "184": 5.66
    }
  },
  "335": {
    "Position": "-451.0:85.0:14.0",
    "Name": "Savanna Cave",
    "Tags": [
      "small_area"
    ],
    "Neighbours": {
      "259": 4.12,
      "336": 5.2
    }
  },
  "336": {
    "Position": "-450.0:84.0:19.0",
    "Name": "no_area",
    "Tags": [
      "area"
    ],
    "Neighbours": {
      "337": 3.32,
      "335": 5.2
    }
  },
  "337": {
    "Position": "-449.0:83.0:22.0",
    "Neighbours": {
      "336": 3.32,
      "338": 3.61
    }
  },
  "338": {
    "Position": "-447.0:83.0:25.0",
    "Neighbours": {
      "337": 3.61,
      "339": 3.74
    }
  },
  "339": {
    "Position": "-445.0:82.0:28.0",
    "Neighbours": {
      "338": 3.74,
      "340": 3.74
    }
  },
  "340": {
    "Position": "-443.0:81.0:31.0",
    "Neighbours": {
      "339": 3.74,
      "341": 3.74
    }
  },
  "341": {
    "Position": "-440.0:80.0:33.0",
    "Neighbours": {
      "340": 3.74,
      "351": 4.58
    }
  },
  "342": {
    "Position": "-455.0:111.0:-23.0",
    "Neighbours": {
      "405": 3.61,
      "224": 4.0,
      "225": 5.1,
      "343": 10.0
    }
  },
  "343": {
    "Position": "-465.0:111.0:-23.0",
    "Neighbours": {
      "344": 3.16,
      "342": 10.0
    }
  },
  "344": {
    "Position": "-468.0:110.0:-23.0",
    "Neighbours": {
      "252": 4.0
    }
  },
  "345": {
    "Position": "-470.0:107.0:-15.0",
    "Neighbours": {
      "254": 4.0
    }
  },
  "346": {
    "Position": "-468.0:103.0:-14.0",
    "Name": "Savanna Cave",
    "Tags": [
      "small_area"
    ],
    "Neighbours": {
      "254": 2.24,
      "255": 6.16
    }
  },
  "347": {
    "Position": "-451.0:111.0:13.0",
    "Name": "Savanna Woodland",
    "Tags": [
      "area"
    ],
    "Neighbours": {
      "215": 4.0,
      "349": 4.58,
      "216": 6.32
    }
  },
  "348": {
    "Position": "-455.0:97.0:16.0",
    "Neighbours": {
      "350": 10.25
    }
  },
  "349": {
    "Position": "-455.0:110.0:15.0",
    "Neighbours": {
      "348": 13.04
    }
  },
  "350": {
    "Position": "-453.0:87.0:15.0",
    "Neighbours": {
      "335": 3.0
    }
  },
  "351": {
    "Position": "-436.0:79.0:35.0",
    "Neighbours": {
      "341": 4.58,
      "352": 5.0
    }
  },
  "352": {
    "Position": "-431.0:79.0:35.0",
    "Neighbours": {
      "351": 5.0,
      "353": 5.2
    }
  },
  "353": {
    "Position": "-426.0:78.0:36.0",
    "Neighbours": {
      "354": 4.12,
      "352": 5.2
    }
  },
  "354": {
    "Position": "-422.0:77.0:36.0",
    "Neighbours": {
      "355": 2.24,
      "353": 4.12
    }
  },
  "355": {
    "Position": "-420.0:77.0:37.0",
    "Neighbours": {
      "354": 2.24,
      "356": 3.74
    }
  },
  "356": {
    "Position": "-417.0:76.0:39.0",
    "Neighbours": {
      "355": 3.74,
      "357": 6.48
    }
  },
  "357": {
    "Position": "-412.0:75.0:43.0",
    "Neighbours": {
      "358": 5.48,
      "356": 6.48
    }
  },
  "358": {
    "Position": "-410.0:74.0:48.0",
    "Neighbours": {
      "357": 5.48
    }
  },
  "359": {
    "Position": "-373.0:121.0:-87.0",
    "Name": "Jungle Island",
    "Tags": [
      "area"
    ],
    "Neighbours": {
      "363": 4.24,
      "360": 10.05,
      "154": 17.03
    }
  },
  "360": {
    "Position": "-383.0:121.0:-88.0",
    "Neighbours": {
      "361": 4.0,
      "359": 10.05
    }
  },
  "361": {
    "Position": "-387.0:121.0:-88.0",
    "Neighbours": {
      "360": 4.0,
      "153": 5.1,
      "152": 7.21
    }
  },
  "362": {
    "Position": "-365.0:104.0:-85.0",
    "Name": "Dark Thicket",
    "Tags": [
      "area"
    ],
    "Neighbours": {
      "432": 4.47,
      "237": 5.83,
      "236": 6.71
    }
  },
  "363": {
    "Position": "-369.0:120.0:-86.0",
    "Neighbours": {
      "362": 16.52
    }
  },
  "364": {
    "Position": "-431.0:121.0:-54.0",
    "Neighbours": {
      "365": 6.0,
      "165": 7.0,
      "164": 7.21
    }
  },
  "365": {
    "Position": "-437.0:121.0:-54.0",
    "Neighbours": {
      "367": 5.92,
      "364": 6.0,
      "437": 6.4,
      "366": 8.0
    }
  },
  "366": {
    "Position": "-437.0:121.0:-62.0",
    "Neighbours": {
      "166": 5.83,
      "165": 6.08,
      "437": 6.4,
      "365": 8.0
    }
  },
  "367": {
    "Position": "-440.0:120.0:-49.0",
    "Name": "Jungle Island",
    "Tags": [
      "area"
    ],
    "Neighbours": {
      "369": 3.74,
      "365": 5.92
    }
  },
  "368": {
    "Position": "-445.0:111.0:-43.0",
    "Name": "Savanna Woodland",
    "Tags": [
      "area"
    ],
    "Neighbours": {
      "203": 6.0,
      "302": 6.48,
      "204": 7.28
    }
  },
  "369": {
    "Position": "-442.0:119.0:-46.0",
    "Neighbours": {
      "368": 9.06
    }
  },
  "370": {
    "Position": "-332.0:104.0:-38.0",
    "Neighbours": {
      "371": 4.12,
      "230": 6.08,
      "269": 7.07
    }
  },
  "371": {
    "Position": "-328.0:104.0:-37.0",
    "Name": "Dark Thicket",
    "Tags": [
      "area"
    ],
    "Neighbours": {
      "370": 4.12,
      "372": 5.2
    }
  },
  "372": {
    "Position": "-323.0:103.0:-36.0",
    "Neighbours": {
      "373": 16.12
    }
  },
  "373": {
    "Position": "-321.0:87.0:-36.0",
    "Neighbours": {
      "13": 5.1,
      "19": 7.48
    }
  },
  "374": {
    "Position": "-330.0:104.0:-48.0",
    "Neighbours": {
      "269": 4.24,
      "375": 8.54
    }
  },
  "375": {
    "Position": "-324.0:103.0:-54.0",
    "Name": "Dark Thicket",
    "Tags": [
      "area"
    ],
    "Neighbours": {
      "376": 5.48,
      "374": 8.54
    }
  },
  "376": {
    "Position": "-319.0:101.0:-55.0",
    "Neighbours": {
      "377": 5.0
    }
  },
  "377": {
    "Position": "-319.0:96.0:-55.0",
    "Name": "Birch Park",
    "Tags": [
      "area"
    ],
    "Neighbours": {
      "30": 5.0,
      "29": 9.0
    }
  },
  "378": {
    "Position": "-332.0:90.0:29.0",
    "Neighbours": {
      "379": 5.0,
      "380": 6.4,
      "109": 8.6,
      "108": 12.04
    }
  },
  "379": {
    "Position": "-335.0:90.0:33.0",
    "Neighbours": {
      "378": 5.0,
      "110": 8.06
    }
  },
  "380": {
    "Position": "-327.0:90.0:25.0",
    "Neighbours": {
      "381": 6.08,
      "378": 6.4
    }
  },
  "381": {
    "Position": "-321.0:90.0:24.0",
    "Name": "Spruce Woods",
    "Tags": [
      "area"
    ],
    "Neighbours": {
      "383": 3.32,
      "380": 6.08
    }
  },
  "382": {
    "Position": "-315.0:84.0:21.0",
    "Name": "Birch Park",
    "Tags": [
      "area"
    ],
    "Neighbours": {
      "288": 7.48
    }
  },
  "383": {
    "Position": "-318.0:89.0:23.0",
    "Neighbours": {
      "382": 6.16
    }
  },
  "384": {
    "Position": "-423.0:127.0:-94.0",
    "Neighbours": {
      "385": 5.1,
      "159": 6.4,
      "160": 8.49
    }
  },
  "385": {
    "Position": "-418.0:127.0:-93.0",
    "Neighbours": {
      "384": 5.1,
      "387": 5.1,
      "452": 5.1,
      "159": 6.08
    }
  },
  "386": {
    "Position": "-412.0:121.0:-87.0",
    "Neighbours": {
      "450": 2.24,
      "448": 4.0
    }
  },
  "387": {
    "Position": "-414.0:126.0:-90.0",
    "Neighbours": {
      "386": 6.16
    }
  },
  "388": {
    "Position": "-327.0:104.0:-93.0",
    "Neighbours": {
      "389": 5.0,
      "272": 6.0
    }
  },
  "389": {
    "Position": "-323.0:104.0:-90.0",
    "Neighbours": {
      "388": 5.0,
      "390": 6.71
    }
  },
  "390": {
    "Position": "-320.0:104.0:-84.0",
    "Neighbours": {
      "391": 3.61,
      "413": 6.0,
      "389": 6.71
    }
  },
  "391": {
    "Position": "-317.0:104.0:-82.0",
    "Name": "Dark Thicket",
    "Tags": [
      "area"
    ],
    "Neighbours": {
      "393": 3.16,
      "390": 3.61
    }
  },
  "392": {
    "Position": "-310.0:88.0:-82.0",
    "Name": "Birch Park",
    "Tags": [
      "area"
    ],
    "Neighbours": {
      "395": 4.58
    }
  },
  "393": {
    "Position": "-314.0:103.0:-82.0",
    "Neighbours": {
      "392": 15.52
    }
  },
  "394": {
    "Position": "-306.0:83.0:-77.0",
    "Neighbours": {
      "8": 6.08,
      "396": 6.4
    }
  },
  "395": {
    "Position": "-308.0:87.0:-78.0",
    "Neighbours": {
      "394": 4.58
    }
  },
  "396": {
    "Position": "-302.0:83.0:-72.0",
    "Neighbours": {
      "8": 5.1,
      "394": 6.4,
      "7": 8.6
    }
  },
  "397": {
    "Position": "-396.0:90.0:57.0",
    "Neighbours": {
      "327": 3.16,
      "328": 5.0
    }
  },
  "398": {
    "Position": "-372.0:90.0:55.0",
    "Neighbours": {
      "329": 5.1,
      "330": 5.66
    }
  },
  "399": {
    "Position": "-452.0:111.0:-11.0",
    "Neighbours": {
      "400": 4.24,
      "220": 4.47,
      "219": 5.0
    }
  },
  "400": {
    "Position": "-455.0:111.0:-8.0",
    "Neighbours": {
      "399": 4.24,
      "220": 5.1,
      "401": 5.1
    }
  },
  "401": {
    "Position": "-460.0:111.0:-7.0",
    "Neighbours": {
      "402": 2.45,
      "400": 5.1
    }
  },
  "402": {
    "Position": "-461.0:110.0:-9.0",
    "Neighbours": {
      "401": 2.45
    }
  },
  "403": {
    "Position": "-445.0:111.0:-29.0",
    "Neighbours": {
      "404": 3.0,
      "202": 5.83
    }
  },
  "404": {
    "Position": "-448.0:111.0:-29.0",
    "Neighbours": {
      "403": 3.0,
      "405": 5.66,
      "224": 6.71
    }
  },
  "405": {
    "Position": "-452.0:111.0:-25.0",
    "Neighbours": {
      "342": 3.61,
      "404": 5.66
    }
  },
  "406": {
    "Position": "-299.0:83.0:17.0",
    "Neighbours": {
      "407": 6.08,
      "17": 6.4,
      "18": 7.28,
      "16": 10.05
    }
  },
  "407": {
    "Position": "-300.0:83.0:23.0",
    "Neighbours": {
      "411": 4.12,
      "406": 6.08
    }
  },
  "408": {
    "Position": "-301.0:85.0:30.0",
    "Neighbours": {
      "410": 2.24,
      "411": 3.32
    }
  },
  "409": {
    "Position": "-294.0:85.0:32.0",
    "Neighbours": {
      "412": 3.32
    }
  },
  "410": {
    "Position": "-300.0:85.0:32.0",
    "Neighbours": {
      "408": 2.24,
      "412": 3.32
    }
  },
  "411": {
    "Position": "-300.0:84.0:27.0",
    "Neighbours": {
      "408": 3.32,
      "407": 4.12
    }
  },
  "412": {
    "Position": "-297.0:86.0:33.0",
    "Neighbours": {
      "409": 3.32,
      "410": 3.32
    }
  },
  "413": {
    "Position": "-320.0:104.0:-78.0",
    "Neighbours": {
      "390": 6.0,
      "414": 7.81
    }
  },
  "414": {
    "Position": "-315.0:104.0:-72.0",
    "Name": "Dark Thicket",
    "Tags": [
      "area"
    ],
    "Neighbours": {
      "415": 5.0,
      "413": 7.81
    }
  },
  "415": {
    "Position": "-312.0:100.0:-72.0",
    "Neighbours": {
      "416": 7.14
    }
  },
  "416": {
    "Position": "-311.0:93.0:-71.0",
    "Neighbours": {
      "417": 4.58,
      "418": 4.9
    }
  },
  "417": {
    "Position": "-315.0:91.0:-72.0",
    "Neighbours": {
      "418": 3.0,
      "416": 4.58
    }
  },
  "418": {
    "Position": "-315.0:91.0:-69.0",
    "Neighbours": {
      "417": 3.0,
      "420": 3.61,
      "416": 4.9
    }
  },
  "419": {
    "Position": "-314.0:83.0:-66.0",
    "Neighbours": {
      "421": 6.0
    }
  },
  "420": {
    "Position": "-315.0:88.0:-67.0",
    "Neighbours": {
      "419": 5.2
    }
  },
  "421": {
    "Position": "-308.0:83.0:-66.0",
    "Neighbours": {
      "8": 5.1,
      "419": 6.0
    }
  },
  "422": {
    "Position": "-345.0:93.0:70.0",
    "Neighbours": {
      "115": 5.1,
      "114": 5.74,
      "423": 5.83
    }
  },
  "423": {
    "Position": "-348.0:98.0:70.0",
    "Neighbours": {
      "424": 5.2,
      "422": 5.83
    }
  },
  "424": {
    "Position": "-351.0:101.0:73.0",
    "Neighbours": {
      "423": 5.2,
      "425": 5.2
    }
  },
  "425": {
    "Position": "-354.0:104.0:76.0",
    "Neighbours": {
      "424": 5.2,
      "426": 5.2
    }
  },
  "426": {
    "Position": "-357.0:101.0:79.0",
    "Neighbours": {
      "425": 5.2
    }
  },
  "427": {
    "Position": "-397.0:138.0:8.0",
    "Neighbours": {
      "428": 7.35,
      "179": 27.31,
      "178": 27.48
    }
  },
  "428": {
    "Position": "-404.0:137.0:6.0",
    "Neighbours": {
      "427": 7.35
    }
  },
  "429": {
    "Position": "-370.0:104.0:-65.0",
    "Neighbours": {
      "430": 5.66,
      "433": 7.28
    }
  },
  "430": {
    "Position": "-366.0:104.0:-61.0",
    "Neighbours": {
      "233": 5.39,
      "429": 5.66,
      "232": 10.3
    }
  },
  "431": {
    "Position": "-369.0:104.0:-77.0",
    "Neighbours": {
      "432": 4.47,
      "433": 7.87
    }
  },
  "432": {
    "Position": "-367.0:104.0:-81.0",
    "Neighbours": {
      "362": 4.47,
      "431": 4.47,
      "236": 8.06,
      "237": 9.9
    }
  },
  "433": {
    "Position": "-374.0:103.0:-71.0",
    "Neighbours": {
      "434": 6.0,
      "435": 7.14,
      "429": 7.28,
      "431": 7.87
    }
  },
  "434": {
    "Position": "-368.0:103.0:-71.0",
    "Neighbours": {
      "433": 6.0
    }
  },
  "435": {
    "Position": "-381.0:104.0:-72.0",
    "Neighbours": {
      "436": 5.74,
      "433": 7.14
    }
  },
  "436": {
    "Position": "-386.0:106.0:-70.0",
    "Neighbours": {
      "435": 5.74
    }
  },
  "437": {
    "Position": "-442.0:121.0:-58.0",
    "Neighbours": {
      "438": 5.0,
      "365": 6.4,
      "366": 6.4
    }
  },
  "438": {
    "Position": "-447.0:121.0:-58.0",
    "Neighbours": {
      "441": 4.12,
      "437": 5.0
    }
  },
  "439": {
    "Position": "-454.0:123.0:-59.0",
    "Neighbours": {
      "440": 2.45,
      "441": 3.61
    }
  },
  "440": {
    "Position": "-455.0:121.0:-58.0",
    "Neighbours": {
      "439": 2.45
    }
  },
  "441": {
    "Position": "-451.0:121.0:-59.0",
    "Neighbours": {
      "439": 3.61,
      "438": 4.12
    }
  },
  "442": {
    "Position": "-435.0:128.0:-85.0",
    "Neighbours": {
      "168": 4.58,
      "443": 5.83,
      "160": 6.78
    }
  },
  "443": {
    "Position": "-440.0:128.0:-82.0",
    "Neighbours": {
      "444": 5.39,
      "442": 5.83
    }
  },
  "444": {
    "Position": "-445.0:128.0:-84.0",
    "Neighbours": {
      "447": 5.0,
      "443": 5.39
    }
  },
  "445": {
    "Position": "-452.0:128.0:-87.0",
    "Neighbours": {
      "447": 3.0,
      "446": 15.0
    }
  },
  "446": {
    "Position": "-452.0:113.0:-87.0",
    "Neighbours": {
      "445": 15.0
    }
  },
  "447": {
    "Position": "-449.0:128.0:-87.0",
    "Neighbours": {
      "445": 3.0,
      "444": 5.0
    }
  },
  "448": {
    "Position": "-408.0:121.0:-87.0",
    "Neighbours": {
      "450": 2.24,
      "300": 3.0,
      "386": 4.0,
      "299": 6.08
    }
  },
  "449": {
    "Position": "-410.0:123.0:-92.0",
    "Neighbours": {
      "451": 2.24
    }
  },
  "450": {
    "Position": "-410.0:121.0:-88.0",
    "Neighbours": {
      "386": 2.24,
      "448": 2.24,
      "451": 2.24
    }
  },
  "451": {
    "Position": "-410.0:122.0:-90.0",
    "Neighbours": {
      "449": 2.24,
      "450": 2.24
    }
  },
  "452": {
    "Position": "-413.0:127.0:-92.0",
    "Neighbours": {
      "449": 5.0
    }
  },
  "453": {
    "Position": "-381.0:122.0:-106.0",
    "Neighbours": {
      "454": 4.12,
      "455": 5.39,
      "154": 6.78
    }
  },
  "454": {
    "Position": "-385.0:122.0:-105.0",
    "Neighbours": {
      "453": 4.12,
      "154": 5.2,
      "155": 5.74
    }
  },
  "455": {
    "Position": "-379.0:122.0:-111.0",
    "Neighbours": {
      "453": 5.39,
      "456": 6.4
    }
  },
  "456": {
    "Position": "-374.0:122.0:-115.0",
    "Neighbours": {
      "457": 4.69,
      "455": 6.4
    }
  },
  "457": {
    "Position": "-372.0:119.0:-118.0",
    "Name": "Jungle Island",
    "Tags": [
      "area"
    ],
    "Neighbours": {
      "456": 4.69,
      "458": 7.35
    }
  },
  "458": {
    "Position": "-370.0:112.0:-119.0",
    "Neighbours": {
      "459": 6.32
    }
  },
  "459": {
    "Position": "-364.0:110.0:-119.0",
    "Neighbours": {
      "461": 4.36,
      "458": 6.32
    }
  },
  "460": {
    "Position": "-360.0:104.0:-120.0",
    "Neighbours": {
      "462": 5.1
    }
  },
  "461": {
    "Position": "-361.0:107.0:-120.0",
    "Neighbours": {
      "460": 3.16
    }
  },
  "462": {
    "Position": "-359.0:104.0:-115.0",
    "Neighbours": {
      "463": 3.61,
      "460": 5.1
    }
  },
  "463": {
    "Position": "-357.0:104.0:-112.0",
    "Neighbours": {
      "462": 3.61,
      "241": 8.54,
      "240": 8.6
    }
  },
  "464": {
    "Position": "-472.0:133.0:-121.0",
    "Neighbours": {
      "466": 2.24,
      "175": 4.36,
      "174": 4.47
    }
  },
  "465": {
    "Position": "-472.0:133.0:-125.0",
    "Neighbours": {
      "466": 2.24
    }
  },
  "466": {
    "Position": "-472.0:134.0:-123.0",
    "Neighbours": {
      "464": 2.24,
      "465": 2.24
    }
  },
  "467": {
    "Position": "-370.0:60.0:-28.0",
    "Neighbours": {
      "61": 5.83,
      "63": 5.92
    }
  },
  "468": {
    "Position": "-368.0:70.0:-32.0",
    "Neighbours": {
      "467": 10.95
    }
  },
  "469": {
    "Position": "-382.0:58.0:-8.0",
    "Neighbours": {
      "98": 11.05
    }
  },
  "470": {
    "Position": "-390.0:61.0:-5.0",
    "Neighbours": {
      "98": 11.05
    }
  },
  "471": {
    "Position": "-362.0:64.0:5.0",
    "Neighbours": {
      "80": 4.24,
      "81": 4.24,
      "472": 5.1,
      "65": 11.0
    }
  },
  "472": {
    "Position": "-365.0:63.0:1.0",
    "Neighbours": {
      "471": 5.1,
      "473": 7.07,
      "65": 7.68
    }
  },
  "473": {
    "Position": "-372.0:62.0:1.0000000000000002",
    "Neighbours": {
      "475": 4.36,
      "472": 7.07
    }
  },
  "474": {
    "Position": "-378.0:54.0:0.0",
    "Neighbours": {
      "96": 4.0,
      "97": 5.1
    }
  },
  "475": {
    "Position": "-375.0:59.0:0.0",
    "Neighbours": {
      "474": 5.83
    }
  },
  "476": {
    "Position": "-356.0:70.0:-31.0",
    "Neighbours": {
      "477": 4.58,
      "71": 5.0,
      "70": 5.92
    }
  },
  "477": {
    "Position": "-360.0:69.0:-29.0",
    "Neighbours": {
      "476": 4.58,
      "478": 5.74
    }
  },
  "478": {
    "Position": "-364.0:70.0:-33.0",
    "Neighbours": {
      "76": 3.61,
      "477": 5.74,
      "75": 11.0
    }
  }
}