{
	"elements": [
		{
			"from": [-16, -15.975, -16],
			"to": [-14.5, 32, 32],
			"rotation": {"angle": 0, "axis": "y", "origin": [-4, -15.975, -4]},
			"faces": {
				"east": {"uv": [0, 16, 16, 15.5], "rotation": 270, "texture": "#hand"},
				"west": {"uv": [0, 16, 16, 15.5], "rotation": 270, "texture": "#hand"}
			}
		},
		{
			"from": [-14.5, -15.975, -16],
			"to": [-13, 32, 32],
			"rotation": {"angle": 0, "axis": "y", "origin": [-2.5, -15.975, -4]},
			"faces": {
				"east": {"uv": [0, 15.5, 16, 15], "rotation": 270, "texture": "#hand"},
				"west": {"uv": [0, 15.5, 16, 15], "rotation": 270, "texture": "#hand"}
			}
		},
		{
			"from": [-13, -15.975, -16],
			"to": [-11.5, 32, 32],
			"rotation": {"angle": 0, "axis": "y", "origin": [-1, -15.975, -4]},
			"faces": {
				"east": {"uv": [0, 15, 16, 14.5], "rotation": 270, "texture": "#hand"},
				"west": {"uv": [0, 15, 16, 14.5], "rotation": 270, "texture": "#hand"}
			}
		},
		{
			"from": [-11.5, -15.975, -16],
			"to": [-10, 32, 32],
			"rotation": {"angle": 0, "axis": "y", "origin": [0.5, -15.975, -4]},
			"faces": {
				"east": {"uv": [0, 14.5, 16, 14], "rotation": 270, "texture": "#hand"},
				"west": {"uv": [0, 14.5, 16, 14], "rotation": 270, "texture": "#hand"}
			}
		},
		{
			"from": [-10, -15.975, -16],
			"to": [-8.5, 32, 32],
			"rotation": {"angle": 0, "axis": "y", "origin": [2, -15.975, -4]},
			"faces": {
				"east": {"uv": [0, 14, 16, 13.5], "rotation": 270, "texture": "#hand"},
				"west": {"uv": [0, 14, 16, 13.5], "rotation": 270, "texture": "#hand"}
			}
		},
		{
			"from": [-8.5, -15.975, -16],
			"to": [-7, 32, 32],
			"rotation": {"angle": 0, "axis": "y", "origin": [3.5, -15.975, -4]},
			"faces": {
				"east": {"uv": [0, 13.5, 16, 13], "rotation": 270, "texture": "#hand"},
				"west": {"uv": [0, 13.5, 16, 13], "rotation": 270, "texture": "#hand"}
			}
		},
		{
			"from": [-7, -15.975, -16],
			"to": [-5.5, 32, 32],
			"rotation": {"angle": 0, "axis": "y", "origin": [5, -15.975, -4]},
			"faces": {
				"east": {"uv": [0, 13, 16, 12.5], "rotation": 270, "texture": "#hand"},
				"west": {"uv": [0, 13, 16, 12.5], "rotation": 270, "texture": "#hand"}
			}
		},
		{
			"from": [-5.5, -15.975, -16],
			"to": [-4, 32, 32],
			"rotation": {"angle": 0, "axis": "y", "origin": [6.5, -15.975, -4]},
			"faces": {
				"east": {"uv": [0, 12.5, 16, 12], "rotation": 270, "texture": "#hand"},
				"west": {"uv": [0, 12.5, 16, 12], "rotation": 270, "texture": "#hand"}
			}
		},
		{
			"from": [-4, -15.975, -16],
			"to": [-2.5, 32, 32],
			"rotation": {"angle": 0, "axis": "y", "origin": [8, -15.975, -4]},
			"faces": {
				"east": {"uv": [0, 12, 16, 11.5], "rotation": 270, "texture": "#hand"},
				"west": {"uv": [0, 12, 16, 11.5], "rotation": 270, "texture": "#hand"}
			}
		},
		{
			"from": [-2.5, -15.975, -16],
			"to": [-1, 32, 32],
			"rotation": {"angle": 0, "axis": "y", "origin": [9.5, -15.975, -4]},
			"faces": {
				"east": {"uv": [0, 11.5, 16, 11], "rotation": 270, "texture": "#hand"},
				"west": {"uv": [0, 11.5, 16, 11], "rotation": 270, "texture": "#hand"}
			}
		},
		{
			"from": [-1, -15.975, -16],
			"to": [0.5, 32, 32],
			"rotation": {"angle": 0, "axis": "y", "origin": [11, -15.975, -4]},
			"faces": {
				"east": {"uv": [0, 11, 16, 10.5], "rotation": 270, "texture": "#hand"},
				"west": {"uv": [0, 11, 16, 10.5], "rotation": 270, "texture": "#hand"}
			}
		},
		{
			"from": [0.5, -15.975, -16],
			"to": [2, 32, 32],
			"rotation": {"angle": 0, "axis": "y", "origin": [12.5, -15.975, -4]},
			"faces": {
				"east": {"uv": [0, 10.5, 16, 10], "rotation": 270, "texture": "#hand"},
				"west": {"uv": [0, 10.5, 16, 10], "rotation": 270, "texture": "#hand"}
			}
		},
		{
			"from": [2, -15.975, -16],
			"to": [3.5, 32, 32],
			"rotation": {"angle": 0, "axis": "y", "origin": [14, -15.975, -4]},
			"faces": {
				"east": {"uv": [0, 10, 16, 9.5], "rotation": 270, "texture": "#hand"},
				"west": {"uv": [0, 10, 16, 9.5], "rotation": 270, "texture": "#hand"}
			}
		},
		{
			"from": [3.5, -15.975, -16],
			"to": [5, 32, 32],
			"rotation": {"angle": 0, "axis": "y", "origin": [15.5, -15.975, -4]},
			"faces": {
				"east": {"uv": [0, 9.5, 16, 9], "rotation": 270, "texture": "#hand"},
				"west": {"uv": [0, 9.5, 16, 9], "rotation": 270, "texture": "#hand"}
			}
		},
		{
			"from": [5, -15.975, -16],
			"to": [6.5, 32, 32],
			"rotation": {"angle": 0, "axis": "y", "origin": [17, -15.975, -4]},
			"faces": {
				"east": {"uv": [0, 9, 16, 8.5], "rotation": 270, "texture": "#hand"},
				"west": {"uv": [0, 9, 16, 8.5], "rotation": 270, "texture": "#hand"}
			}
		},
		{
			"from": [6.5, -15.975, -16],
			"to": [8, 32, 32],
			"rotation": {"angle": 0, "axis": "y", "origin": [18.5, -15.975, -4]},
			"faces": {
				"east": {"uv": [0, 8.5, 16, 8], "rotation": 270, "texture": "#hand"},
				"west": {"uv": [0, 8.5, 16, 8], "rotation": 270, "texture": "#hand"}
			}
		},
		{
			"from": [8, -15.975, -16],
			"to": [9.5, 32, 32],
			"rotation": {"angle": 0, "axis": "y", "origin": [20, -15.975, -4]},
			"faces": {
				"east": {"uv": [0, 8, 16, 7.5], "rotation": 270, "texture": "#hand"},
				"west": {"uv": [0, 8, 16, 7.5], "rotation": 270, "texture": "#hand"}
			}
		},
		{
			"from": [9.5, -15.975, -16],
			"to": [11, 32, 32],
			"rotation": {"angle": 0, "axis": "y", "origin": [21.5, -15.975, -4]},
			"faces": {
				"east": {"uv": [0, 7.5, 16, 7], "rotation": 270, "texture": "#hand"},
				"west": {"uv": [0, 7.5, 16, 7], "rotation": 270, "texture": "#hand"}
			}
		},
		{
			"from": [11, -15.975, -16],
			"to": [12.5, 32, 32],
			"rotation": {"angle": 0, "axis": "y", "origin": [23, -15.975, -4]},
			"faces": {
				"east": {"uv": [0, 7, 16, 6.5], "rotation": 270, "texture": "#hand"},
				"west": {"uv": [0, 7, 16, 6.5], "rotation": 270, "texture": "#hand"}
			}
		},
		{
			"from": [12.5, -15.975, -16],
			"to": [14, 32, 32],
			"rotation": {"angle": 0, "axis": "y", "origin": [24.5, -15.975, -4]},
			"faces": {
				"east": {"uv": [0, 6.5, 16, 6], "rotation": 270, "texture": "#hand"},
				"west": {"uv": [0, 6.5, 16, 6], "rotation": 270, "texture": "#hand"}
			}
		},
		{
			"from": [14, -15.975, -16],
			"to": [15.5, 32, 32],
			"rotation": {"angle": 0, "axis": "y", "origin": [26, -15.975, -4]},
			"faces": {
				"east": {"uv": [0, 6, 16, 5.5], "rotation": 270, "texture": "#hand"},
				"west": {"uv": [0, 6, 16, 5.5], "rotation": 270, "texture": "#hand"}
			}
		},
		{
			"from": [15.5, -15.975, -16],
			"to": [17, 32, 32],
			"rotation": {"angle": 0, "axis": "y", "origin": [27.5, -15.975, -4]},
			"faces": {
				"east": {"uv": [0, 5.5, 16, 5], "rotation": 270, "texture": "#hand"},
				"west": {"uv": [0, 5.5, 16, 5], "rotation": 270, "texture": "#hand"}
			}
		},
		{
			"from": [17, -15.975, -16],
			"to": [18.5, 32, 32],
			"rotation": {"angle": 0, "axis": "y", "origin": [29, -15.975, -4]},
			"faces": {
				"east": {"uv": [0, 5, 16, 4.5], "rotation": 270, "texture": "#hand"},
				"west": {"uv": [0, 5, 16, 4.5], "rotation": 270, "texture": "#hand"}
			}
		},
		{
			"from": [18.5, -15.975, -16],
			"to": [20, 32, 32],
			"rotation": {"angle": 0, "axis": "y", "origin": [30.5, -15.975, -4]},
			"faces": {
				"east": {"uv": [0, 4.5, 16, 4], "rotation": 270, "texture": "#hand"},
				"west": {"uv": [0, 4.5, 16, 4], "rotation": 270, "texture": "#hand"}
			}
		},
		{
			"from": [20, -15.975, -16],
			"to": [21.5, 32, 32],
			"rotation": {"angle": 0, "axis": "y", "origin": [32, -15.975, -4]},
			"faces": {
				"east": {"uv": [0, 4, 16, 3.5], "rotation": 270, "texture": "#hand"},
				"west": {"uv": [0, 4, 16, 3.5], "rotation": 270, "texture": "#hand"}
			}
		},
		{
			"from": [21.5, -15.975, -16],
			"to": [23, 32, 32],
			"rotation": {"angle": 0, "axis": "y", "origin": [33.5, -15.975, -4]},
			"faces": {
				"east": {"uv": [0, 3.5, 16, 3], "rotation": 270, "texture": "#hand"},
				"west": {"uv": [0, 3.5, 16, 3], "rotation": 270, "texture": "#hand"}
			}
		},
		{
			"from": [23, -15.975, -16],
			"to": [24.5, 32, 32],
			"rotation": {"angle": 0, "axis": "y", "origin": [35, -15.975, -4]},
			"faces": {
				"east": {"uv": [0, 3, 16, 2.5], "rotation": 270, "texture": "#hand"},
				"west": {"uv": [0, 3, 16, 2.5], "rotation": 270, "texture": "#hand"}
			}
		},
		{
			"from": [24.5, -15.975, -16],
			"to": [26, 32, 32],
			"rotation": {"angle": 0, "axis": "y", "origin": [36.5, -15.975, -4]},
			"faces": {
				"east": {"uv": [0, 2.5, 16, 2], "rotation": 270, "texture": "#hand"},
				"west": {"uv": [0, 2.5, 16, 2], "rotation": 270, "texture": "#hand"}
			}
		},
		{
			"from": [26, -15.975, -16],
			"to": [27.5, 32, 32],
			"rotation": {"angle": 0, "axis": "y", "origin": [38, -15.975, -4]},
			"faces": {
				"east": {"uv": [0, 2, 16, 1.5], "rotation": 270, "texture": "#hand"},
				"west": {"uv": [0, 2, 16, 1.5], "rotation": 270, "texture": "#hand"}
			}
		},
		{
			"from": [27.5, -15.975, -16],
			"to": [29, 32, 32],
			"rotation": {"angle": 0, "axis": "y", "origin": [39.5, -15.975, -4]},
			"faces": {
				"east": {"uv": [0, 1.5, 16, 1], "rotation": 270, "texture": "#hand"},
				"west": {"uv": [0, 1.5, 16, 1], "rotation": 270, "texture": "#hand"}
			}
		},
		{
			"from": [29, -15.975, -16],
			"to": [30.5, 32, 32],
			"rotation": {"angle": 0, "axis": "y", "origin": [41, -15.975, -4]},
			"faces": {
				"east": {"uv": [0, 1, 16, 0.5], "rotation": 270, "texture": "#hand"},
				"west": {"uv": [0, 1, 16, 0.5], "rotation": 270, "texture": "#hand"}
			}
		},
		{
			"from": [30.5, -15.975, -16],
			"to": [32, 32, 32],
			"rotation": {"angle": 0, "axis": "y", "origin": [42.5, -15.975, -4]},
			"faces": {
				"east": {"uv": [0, 0.5, 16, 0], "rotation": 270, "texture": "#hand"},
				"west": {"uv": [0, 0.5, 16, 0], "rotation": 270, "texture": "#hand"}
			}
		},
		{
			"from": [-16, -15.975, -16],
			"to": [32, -14.475, 32],
			"rotation": {"angle": 0, "axis": "y", "origin": [-4, -15.975, -4]},
			"faces": {
				"north": {"uv": [0, 0, 0.5, 16], "rotation": 270, "texture": "#hand"},
				"south": {"uv": [0, 16, 0.5, 0], "rotation": 270, "texture": "#hand"},
				"up": {"uv": [0, 16, 0.5, 0], "rotation": 270, "texture": "#hand"}
			}
		},
		{
			"from": [-16, -14.475, -16],
			"to": [32, -12.975, 32],
			"rotation": {"angle": 0, "axis": "y", "origin": [-4, -14.475, -4]},
			"faces": {
				"north": {"uv": [0.5, 0, 1, 16], "rotation": 270, "texture": "#hand"},
				"south": {"uv": [0.5, 16, 1, 0], "rotation": 270, "texture": "#hand"},
				"up": {"uv": [0.5, 16, 1, 0], "rotation": 270, "texture": "#hand"}
			}
		},
		{
			"from": [-16, -12.975, -16],
			"to": [32, -11.475, 32],
			"rotation": {"angle": 0, "axis": "y", "origin": [-4, -12.975, -4]},
			"faces": {
				"north": {"uv": [1, 0, 1.5, 16], "rotation": 270, "texture": "#hand"},
				"south": {"uv": [1, 16, 1.5, 0], "rotation": 270, "texture": "#hand"},
				"up": {"uv": [1, 16, 1.5, 0], "rotation": 270, "texture": "#hand"}
			}
		},
		{
			"from": [-16, -11.475, -16],
			"to": [32, -9.975, 32],
			"rotation": {"angle": 0, "axis": "y", "origin": [-4, -11.475, -4]},
			"faces": {
				"north": {"uv": [1.5, 0, 2, 16], "rotation": 270, "texture": "#hand"},
				"south": {"uv": [1.5, 16, 2, 0], "rotation": 270, "texture": "#hand"},
				"up": {"uv": [1.5, 16, 2, 0], "rotation": 270, "texture": "#hand"}
			}
		},
		{
			"from": [-16, -9.975, -16],
			"to": [32, -8.475, 32],
			"rotation": {"angle": 0, "axis": "y", "origin": [-4, -9.975, -4]},
			"faces": {
				"north": {"uv": [2, 0, 2.5, 16], "rotation": 270, "texture": "#hand"},
				"south": {"uv": [2, 16, 2.5, 0], "rotation": 270, "texture": "#hand"},
				"up": {"uv": [2, 16, 2.5, 0], "rotation": 270, "texture": "#hand"}
			}
		},
		{
			"from": [-16, -8.475, -16],
			"to": [32, -6.975, 32],
			"rotation": {"angle": 0, "axis": "y", "origin": [-4, -8.475, -4]},
			"faces": {
				"north": {"uv": [2.5, 0, 3, 16], "rotation": 270, "texture": "#hand"},
				"south": {"uv": [2.5, 16, 3, 0], "rotation": 270, "texture": "#hand"},
				"up": {"uv": [2.5, 16, 3, 0], "rotation": 270, "texture": "#hand"}
			}
		},
		{
			"from": [-16, -6.975, -16],
			"to": [32, -5.475, 32],
			"rotation": {"angle": 0, "axis": "y", "origin": [-4, -6.975, -4]},
			"faces": {
				"north": {"uv": [3, 0, 3.5, 16], "rotation": 270, "texture": "#hand"},
				"south": {"uv": [3, 16, 3.5, 0], "rotation": 270, "texture": "#hand"},
				"up": {"uv": [3, 16, 3.5, 0], "rotation": 270, "texture": "#hand"}
			}
		},
		{
			"from": [-16, -5.475, -16],
			"to": [32, -3.975, 32],
			"rotation": {"angle": 0, "axis": "y", "origin": [-4, -5.475, -4]},
			"faces": {
				"north": {"uv": [3.5, 0, 4, 16], "rotation": 270, "texture": "#hand"},
				"south": {"uv": [3.5, 16, 4, 0], "rotation": 270, "texture": "#hand"},
				"up": {"uv": [3.5, 16, 4, 0], "rotation": 270, "texture": "#hand"}
			}
		},
		{
			"from": [-16, -3.975, -16],
			"to": [32, -2.475, 32],
			"rotation": {"angle": 0, "axis": "y", "origin": [-4, -3.975, -4]},
			"faces": {
				"north": {"uv": [4, 0, 4.5, 16], "rotation": 270, "texture": "#hand"},
				"south": {"uv": [4, 16, 4.5, 0], "rotation": 270, "texture": "#hand"},
				"up": {"uv": [4, 16, 4.5, 0], "rotation": 270, "texture": "#hand"}
			}
		},
		{
			"from": [-16, -2.475, -16],
			"to": [32, -0.975, 32],
			"rotation": {"angle": 0, "axis": "y", "origin": [-4, -2.475, -4]},
			"faces": {
				"north": {"uv": [4.5, 0, 5, 16], "rotation": 270, "texture": "#hand"},
				"south": {"uv": [4.5, 16, 5, 0], "rotation": 270, "texture": "#hand"},
				"up": {"uv": [4.5, 16, 5, 0], "rotation": 270, "texture": "#hand"}
			}
		},
		{
			"from": [-16, -0.975, -16],
			"to": [32, 0.525, 32],
			"rotation": {"angle": 0, "axis": "y", "origin": [-4, -0.975, -4]},
			"faces": {
				"north": {"uv": [5, 0, 5.5, 16], "rotation": 270, "texture": "#hand"},
				"south": {"uv": [5, 16, 5.5, 0], "rotation": 270, "texture": "#hand"},
				"up": {"uv": [5, 16, 5.5, 0], "rotation": 270, "texture": "#hand"}
			}
		},
		{
			"from": [-16, 0.525, -16],
			"to": [32, 2.025, 32],
			"rotation": {"angle": 0, "axis": "y", "origin": [-4, 0.525, -4]},
			"faces": {
				"north": {"uv": [5.5, 0, 6, 16], "rotation": 270, "texture": "#hand"},
				"south": {"uv": [5.5, 16, 6, 0], "rotation": 270, "texture": "#hand"},
				"up": {"uv": [5.5, 16, 6, 0], "rotation": 270, "texture": "#hand"}
			}
		},
		{
			"from": [-16, 2.025, -16],
			"to": [32, 3.525, 32],
			"rotation": {"angle": 0, "axis": "y", "origin": [-4, 2.025, -4]},
			"faces": {
				"north": {"uv": [6, 0, 6.5, 16], "rotation": 270, "texture": "#hand"},
				"south": {"uv": [6, 16, 6.5, 0], "rotation": 270, "texture": "#hand"},
				"up": {"uv": [6, 16, 6.5, 0], "rotation": 270, "texture": "#hand"}
			}
		},
		{
			"from": [-16, 3.525, -16],
			"to": [32, 5.025, 32],
			"rotation": {"angle": 0, "axis": "y", "origin": [-4, 3.525, -4]},
			"faces": {
				"north": {"uv": [6.5, 0, 7, 16], "rotation": 270, "texture": "#hand"},
				"south": {"uv": [6.5, 16, 7, 0], "rotation": 270, "texture": "#hand"},
				"up": {"uv": [6.5, 16, 7, 0], "rotation": 270, "texture": "#hand"}
			}
		},
		{
			"from": [-16, 5.025, -16],
			"to": [32, 6.525, 32],
			"rotation": {"angle": 0, "axis": "y", "origin": [-4, 5.025, -4]},
			"faces": {
				"north": {"uv": [7, 0, 7.5, 16], "rotation": 270, "texture": "#hand"},
				"south": {"uv": [7, 16, 7.5, 0], "rotation": 270, "texture": "#hand"},
				"up": {"uv": [7, 16, 7.5, 0], "rotation": 270, "texture": "#hand"}
			}
		},
		{
			"from": [-16, 6.525, -16],
			"to": [32, 8.025, 32],
			"rotation": {"angle": 0, "axis": "y", "origin": [-4, 6.525, -4]},
			"faces": {
				"north": {"uv": [7.5, 0, 8, 16], "rotation": 270, "texture": "#hand"},
				"south": {"uv": [7.5, 16, 8, 0], "rotation": 270, "texture": "#hand"},
				"up": {"uv": [7.5, 16, 8, 0], "rotation": 270, "texture": "#hand"}
			}
		},
		{
			"from": [-16, 8.025, -16],
			"to": [32, 9.525, 32],
			"rotation": {"angle": 0, "axis": "y", "origin": [-4, 8.025, -4]},
			"faces": {
				"north": {"uv": [8, 0, 8.5, 16], "rotation": 270, "texture": "#hand"},
				"south": {"uv": [8, 16, 8.5, 0], "rotation": 270, "texture": "#hand"},
				"up": {"uv": [8, 16, 8.5, 0], "rotation": 270, "texture": "#hand"}
			}
		},
		{
			"from": [-16, 9.525, -16],
			"to": [32, 11.025, 32],
			"rotation": {"angle": 0, "axis": "y", "origin": [-4, 9.525, -4]},
			"faces": {
				"north": {"uv": [8.5, 0, 9, 16], "rotation": 270, "texture": "#hand"},
				"south": {"uv": [8.5, 16, 9, 0], "rotation": 270, "texture": "#hand"},
				"up": {"uv": [8.5, 16, 9, 0], "rotation": 270, "texture": "#hand"}
			}
		},
		{
			"from": [-16, 11.025, -16],
			"to": [32, 12.525, 32],
			"rotation": {"angle": 0, "axis": "y", "origin": [-4, 11.025, -4]},
			"faces": {
				"north": {"uv": [9, 0, 9.5, 16], "rotation": 270, "texture": "#hand"},
				"south": {"uv": [9, 16, 9.5, 0], "rotation": 270, "texture": "#hand"},
				"up": {"uv": [9, 16, 9.5, 0], "rotation": 270, "texture": "#hand"}
			}
		},
		{
			"from": [-16, 12.525, -16],
			"to": [32, 14.025, 32],
			"rotation": {"angle": 0, "axis": "y", "origin": [-4, 12.525, -4]},
			"faces": {
				"north": {"uv": [9.5, 0, 10, 16], "rotation": 270, "texture": "#hand"},
				"south": {"uv": [9.5, 16, 10, 0], "rotation": 270, "texture": "#hand"},
				"up": {"uv": [9.5, 16, 10, 0], "rotation": 270, "texture": "#hand"}
			}
		},
		{
			"from": [-16, 14.025, -16],
			"to": [32, 15.525, 32],
			"rotation": {"angle": 0, "axis": "y", "origin": [-4, 14.025, -4]},
			"faces": {
				"north": {"uv": [10, 0, 10.5, 16], "rotation": 270, "texture": "#hand"},
				"south": {"uv": [10, 16, 10.5, 0], "rotation": 270, "texture": "#hand"},
				"up": {"uv": [10, 16, 10.5, 0], "rotation": 270, "texture": "#hand"}
			}
		},
		{
			"from": [-16, 15.525, -16],
			"to": [32, 17.025, 32],
			"rotation": {"angle": 0, "axis": "y", "origin": [-4, 15.525, -4]},
			"faces": {
				"north": {"uv": [10.5, 0, 11, 16], "rotation": 270, "texture": "#hand"},
				"south": {"uv": [10.5, 16, 11, 0], "rotation": 270, "texture": "#hand"},
				"up": {"uv": [10.5, 16, 11, 0], "rotation": 270, "texture": "#hand"}
			}
		},
		{
			"from": [-16, 17.025, -16],
			"to": [32, 18.525, 32],
			"rotation": {"angle": 0, "axis": "y", "origin": [-4, 17.025, -4]},
			"faces": {
				"north": {"uv": [11, 0, 11.5, 16], "rotation": 270, "texture": "#hand"},
				"south": {"uv": [11, 16, 11.5, 0], "rotation": 270, "texture": "#hand"},
				"up": {"uv": [11, 16, 11.5, 0], "rotation": 270, "texture": "#hand"}
			}
		},
		{
			"from": [-16, 18.525, -16],
			"to": [32, 20.025, 32],
			"rotation": {"angle": 0, "axis": "y", "origin": [-4, 18.525, -4]},
			"faces": {
				"north": {"uv": [11.5, 0, 12, 16], "rotation": 270, "texture": "#hand"},
				"south": {"uv": [11.5, 16, 12, 0], "rotation": 270, "texture": "#hand"},
				"up": {"uv": [11.5, 16, 12, 0], "rotation": 270, "texture": "#hand"}
			}
		},
		{
			"from": [-16, 20.025, -16],
			"to": [32, 21.525, 32],
			"rotation": {"angle": 0, "axis": "y", "origin": [-4, 20.025, -4]},
			"faces": {
				"north": {"uv": [12, 0, 12.5, 16], "rotation": 270, "texture": "#hand"},
				"south": {"uv": [12, 16, 12.5, 0], "rotation": 270, "texture": "#hand"},
				"up": {"uv": [12, 16, 12.5, 0], "rotation": 270, "texture": "#hand"}
			}
		},
		{
			"from": [-16, 21.525, -16],
			"to": [32, 23.025, 32],
			"rotation": {"angle": 0, "axis": "y", "origin": [-4, 21.525, -4]},
			"faces": {
				"north": {"uv": [12.5, 0, 13, 16], "rotation": 270, "texture": "#hand"},
				"south": {"uv": [12.5, 16, 13, 0], "rotation": 270, "texture": "#hand"},
				"up": {"uv": [12.5, 16, 13, 0], "rotation": 270, "texture": "#hand"}
			}
		},
		{
			"from": [-16, 23.025, -16],
			"to": [32, 24.525, 32],
			"rotation": {"angle": 0, "axis": "y", "origin": [-4, 23.025, -4]},
			"faces": {
				"north": {"uv": [13, 0, 13.5, 16], "rotation": 270, "texture": "#hand"},
				"south": {"uv": [13, 16, 13.5, 0], "rotation": 270, "texture": "#hand"},
				"up": {"uv": [13, 16, 13.5, 0], "rotation": 270, "texture": "#hand"}
			}
		},
		{
			"from": [-16, 24.525, -16],
			"to": [32, 26.025, 32],
			"rotation": {"angle": 0, "axis": "y", "origin": [-4, 24.525, -4]},
			"faces": {
				"north": {"uv": [13.5, 0, 14, 16], "rotation": 270, "texture": "#hand"},
				"south": {"uv": [13.5, 16, 14, 0], "rotation": 270, "texture": "#hand"},
				"up": {"uv": [13.5, 16, 14, 0], "rotation": 270, "texture": "#hand"}
			}
		},
		{
			"from": [-16, 26.025, -16],
			"to": [32, 27.525, 32],
			"rotation": {"angle": 0, "axis": "y", "origin": [-4, 26.025, -4]},
			"faces": {
				"north": {"uv": [14, 0, 14.5, 16], "rotation": 270, "texture": "#hand"},
				"south": {"uv": [14, 16, 14.5, 0], "rotation": 270, "texture": "#hand"},
				"up": {"uv": [14, 16, 14.5, 0], "rotation": 270, "texture": "#hand"}
			}
		},
		{
			"from": [-16, 27.525, -16],
			"to": [32, 29.025, 32],
			"rotation": {"angle": 0, "axis": "y", "origin": [-4, 27.525, -4]},
			"faces": {
				"north": {"uv": [14.5, 0, 15, 16], "rotation": 270, "texture": "#hand"},
				"south": {"uv": [14.5, 16, 15, 0], "rotation": 270, "texture": "#hand"},
				"up": {"uv": [14.5, 16, 15, 0], "rotation": 270, "texture": "#hand"}
			}
		},
		{
			"from": [-16, 29.025, -16],
			"to": [32, 30.525, 32],
			"rotation": {"angle": 0, "axis": "y", "origin": [-4, 29.025, -4]},
			"faces": {
				"north": {"uv": [15, 0, 15.5, 16], "rotation": 270, "texture": "#hand"},
				"south": {"uv": [15, 16, 15.5, 0], "rotation": 270, "texture": "#hand"},
				"up": {"uv": [15, 16, 15.5, 0], "rotation": 270, "texture": "#hand"}
			}
		},
		{
			"from": [-16, 30.525, -16],
			"to": [32, 32, 32],
			"rotation": {"angle": 0, "axis": "y", "origin": [-4, 30.525, -4]},
			"faces": {
				"north": {"uv": [15.5, 0, 16, 16], "rotation": 270, "texture": "#hand"},
				"south": {"uv": [15.5, 16, 16, 0], "rotation": 270, "texture": "#hand"},
				"up": {"uv": [15.5, 16, 16, 0], "rotation": 270, "texture": "#hand"}
			}
		},
		{
			"from": [0, 8.025, 0],
			"to": [16, 8.025, 16],
			"rotation": {"angle": 0, "axis": "y", "origin": [-4, -15.975, -4]},
			"faces": {
				"down": {"uv": [0, 0, 16, 16], "rotation": 270, "texture": "#icon"}
			}
		}
	],
	"gui_light": "front",
	"display": {
		"thirdperson": {
			"rotation": [ 180, 90, 354 ],
			"translation": [ 0.00, -1.00, -3.50 ],
			"scale": [ 0.66, 0.66, 0.02 ]
		},
		"firstperson": {
			"rotation": [ 0, 50, 50 ],
			"translation": [ 3.00, 9.00, 2.25 ],
			"scale": [ 1.00, 1.00, 0.03 ]
		},
		"gui": {
			"rotation": [ -0, 225, 240 ],
			"translation": [ 0.00, 0.00, 0.00 ],
			"scale": [ 1.61, 1.61, 1.61 ]
		},
		"ground": {
			"rotation": [ -0, -180, 0 ],
			"translation": [ 0.00, 7.00, 0.00 ],
			"scale": [ 1.33, 1.33, 0.05 ]
		},
		"head": {
			"rotation": [0, 180, 45],
			"translation": [0, 0, 7],
			"scale": [0.66, 0.66, 0.02]
		},
		"fixed": {
			"rotation": [0, 0, 90],
			"scale": [0.33, 0.33, 0.01]
		}
	}
}