{
	"elements": [
		{
			"from": [5.11, 8.05, -2.94],
			"to": [13.11, 16.05, 9.06],
			"rotation": {"angle": 0, "axis": "y", "origin": [9.05, 11, 8.06]},
			"faces": {
				"north": {"uv": [8, 2, 10, 4], "rotation": 270, "texture": "#0"},
				"east": {"uv": [2, 0, 4, 3], "rotation": 270, "texture": "#0"},
				"west": {"uv": [2, 3, 4, 6], "rotation": 90, "texture": "#0"},
				"up": {"uv": [0, 3, 2, 6], "rotation": 180, "texture": "#0"},
				"down": {"uv": [0, 0, 2, 3], "texture": "#0"}
			}
		},
		{
			"from": [5.11, 8.05, -1.94],
			"to": [13.11, 16.05, -1.94],
			"rotation": {"angle": 0, "axis": "y", "origin": [9.05, 11, 8.06]},
			"faces": {
				"south": {"uv": [16, 16, 0, 0], "rotation": 180, "texture": "#1"}
			}
		},
		{
			"from": [4.74, 7.68, -3.06],
			"to": [13.24, 16.18, 9.44],
			"rotation": {"angle": 0, "axis": "y", "origin": [9.05, 11, 8.06]},
			"faces": {
				"north": {"uv": [10, 0, 12, 2], "rotation": 270, "texture": "#0"},
				"east": {"uv": [6, 0, 8, 3], "rotation": 270, "texture": "#0"},
				"south": {"uv": [10, 2, 8, 0], "rotation": 90, "texture": "#0"},
				"west": {"uv": [6, 3, 8, 6], "rotation": 90, "texture": "#0"},
				"up": {"uv": [4, 3, 6, 6], "rotation": 180, "texture": "#0"},
				"down": {"uv": [4, 0, 6, 3], "texture": "#0"}
			}
		},
		{
			"from": [4.81, 7.95, 3.06],
			"to": [13.21, 11.95, 5.06],
			"rotation": {"angle": 0, "axis": "y", "origin": [9.05, 11, 8.06]},
			"faces": {
				"east": {"uv": [15.5, 15.5, 16, 16], "rotation": 270, "texture": "#0"},
				"west": {"uv": [13.5, 15.5, 14, 16], "rotation": 90, "texture": "#0"},
				"down": {"uv": [13.5, 15.5, 15.5, 16], "texture": "#0"}
			}
		}
	],
	"display": {
		"thirdperson": {
			"rotation": [ 90, 90, 0 ],
			"translation": [ -1.25, -1.50, -0.12 ],
			"scale": [ 0.60, 0.60, 0.60 ]
		},
		"firstperson": {
			"rotation": [ 34, 288, 144 ],
			"translation": [ -1.25, 1.00, 1.50 ],
			"scale": [ 1.00, 1.00, 1.00 ]
		},
		"ground": {
			"rotation": [ 90, 0, 0 ],
			"translation": [ -1.25, -7.00, -4.00 ],
			"scale": [ 2.00, 2.00, 2.00 ]
		},
		"gui": {
			"rotation": [ 210, 315, 180 ],
			"translation": [ 3.00, -6.25, 0.00 ],
			"scale": [ 3.20, 3.20, 3.20 ]
		},
		"head": {
			"rotation": [0, 0, 180],
			"translation": [0, -13, 0],
			"scale": [1.75, 1.75, 1.75]
		},
		"fixed": {
			"translation": [0, 10.5, 0]
		}
	}
}