{
	"elements": [
		{
			"from": [3, 2.25, 6.25],
			"to": [13, 3.25, 14.25],
			"rotation": {"angle": -45, "axis": "x", "origin": [8, 4, 9]},
			"faces": {
				"north": {"uv": [0.5, 9, 4.5, 9.5], "texture": "#0"},
				"east": {"uv": [4.5, 9, 5, 5], "rotation": 90, "texture": "#0"},
				"south": {"uv": [0, 0, 10, 1], "texture": "#0"},
				"west": {"uv": [0, 5, 0.5, 9], "rotation": 90, "texture": "#0"},
				"up": {"uv": [5.5, 9, 10.5, 5], "texture": "#0"},
				"down": {"uv": [0, 5, 5, 9], "texture": "#0"}
			}
		},
		{
			"from": [4, 2.25, 5.25],
			"to": [12, 3.25, 6.25],
			"rotation": {"angle": -45, "axis": "x", "origin": [8, 4, 9]},
			"faces": {
				"north": {"uv": [0.5, 9, 4.5, 9.5], "texture": "#0"},
				"east": {"uv": [4, 9, 4.5, 9.5], "texture": "#0"},
				"south": {"uv": [0.5, 9, 4.5, 9.5], "texture": "#0"},
				"west": {"uv": [4, 9, 4.5, 9.5], "texture": "#0"},
				"up": {"uv": [6, 9, 10, 9.5], "texture": "#0"},
				"down": {"uv": [0.5, 9, 4.5, 9.5], "texture": "#0"}
			}
		},
		{
			"from": [3, 7.15, 13.25],
			"to": [13, 15.15, 14.25],
			"rotation": {"angle": 0, "axis": "x", "origin": [8, 4, 9]},
			"faces": {
				"north": {"uv": [5.5, 4.5, 10.5, 0.5], "rotation": 180, "texture": "#0"},
				"east": {"uv": [4.5, 4.5, 5, 0.5], "rotation": 180, "texture": "#0"},
				"south": {"uv": [0, 0.5, 5, 4.5], "texture": "#0"},
				"west": {"uv": [0, 4.5, 0.5, 0.5], "rotation": 180, "texture": "#0"},
				"up": {"uv": [0, 0.5, 5, 1], "rotation": 180, "texture": "#0"}
			}
		},
		{
			"from": [3.01, 6.55, 13.1],
			"to": [12.99, 7.35, 14],
			"rotation": {"angle": 22.5, "axis": "x", "origin": [8, 6.65, 13.75]},
			"faces": {
				"north": {"uv": [5.5, 4.5, 10.5, 0.5], "rotation": 180, "texture": "#0"},
				"east": {"uv": [5, 4.5, 4.5, 5], "rotation": 90, "texture": "#0"},
				"south": {"uv": [0, 4.5, 5, 5], "texture": "#0"},
				"west": {"uv": [0.5, 4.5, 0, 5], "rotation": 90, "texture": "#0"}
			}
		},
		{
			"from": [4, 15.15, 13.25],
			"to": [12, 16.15, 14.25],
			"rotation": {"angle": 0, "axis": "x", "origin": [8, 4, 9]},
			"faces": {
				"north": {"uv": [0.5, 0, 4.5, 0.5], "texture": "#0"},
				"east": {"uv": [4, 0, 4.5, 0.5], "texture": "#0"},
				"south": {"uv": [0.5, 0, 4.5, 0.5], "texture": "#0"},
				"west": {"uv": [4, 0, 4.5, 0.5], "texture": "#0"},
				"up": {"uv": [6, 0, 10, 0.5], "texture": "#0"},
				"down": {"uv": [0.5, 0, 4.5, 0.5], "texture": "#0"}
			}
		}
	],
	"display": {
        "thirdperson": {
            "rotation": [ 245, 0, 0 ],
            "translation": [ 0, 0, -3.25 ],
            "scale": [ 0.55, 0.55, 0.55 ]
        },
        "firstperson": {
            "rotation": [ 0, 45, 355 ],
            "translation": [ 0, 5.5, -1 ],
            "scale": [ 1.7, 1.7, 1.7 ]
        },
        "gui": {
			"rotation": [ 30, -45, 0 ],
			"translation": [0, 0, 0],
			"scale": [1.6, 1.6, 1.6]
		}
    }
}