{
	"elements": [
		{
			"from": [0, 0, 0],
			"to": [16, 16, 16],
			"faces": {
				"north": {"uv": [4, 4, 8, 8], "texture": "#0"},
				"east": {"uv": [0, 4, 4, 8], "texture": "#0"},
				"south": {"uv": [12, 4, 16, 8], "texture": "#0"},
				"west": {"uv": [8, 4, 12, 8], "texture": "#0"},
				"up": {"uv": [8, 4, 4, 0], "texture": "#0"},
				"down": {"uv": [12, 0, 8, 4], "texture": "#0"}
			}
		},
		{
			"from": [0, 15.75, 0],
			"to": [16, 15.75, 16],
			"faces": {
				"down": {"uv": [0, 0, 16, 16], "texture": "#1"}
			}
		}
	],
	"display": {
		"firstperson": {
			"scale": [ 0.60, 0.60, 0.60 ]
		},
		"thirdperson": {
			"rotation": [ 10, 314, 170 ],
			"translation": [ 0.00, 1.25, -2.75 ],
			"scale": [ 0.30, 0.30, 0.30 ]
		},
		"gui": {
			"rotation": [240, 135, 0],
			"translation": [0, 0, 0],
			"scale": [1.6, 1.6, 1.6]
		}
	}
}